name,positive_ratio,total_reviews,price,owners_mid,average_playtime,median_playtime,genre_Indie,genre_Action,genre_Adventure,genre_Casual,genre_Strategy,genre_Simulation,genre_RPG,genre_Early Access,genre_Free to Play,genre_Sports,cat_Single-player,cat_Steam Achievements,cat_Steam Trading Cards,cat_Steam Cloud,cat_Full controller support,cat_Partial Controller Support,cat_Multi-player,cat_Steam Leaderboards,kmeans_cluster,dbscan_cluster
Richard & Alice,0.7272727272727273,363,4.79,75000.0,332,332,1,0,1,0,0,0,0,0,0,0,1,1,1,1,0,0,0,0,0,-1
The Journey Down: Chapter One,0.8748787584869059,1031,5.99,350000.0,303,327,1,0,1,0,0,0,0,0,0,0,1,0,1,0,0,0,0,0,1,-1
In The Long Run The Game,0.35294117647058826,17,7.19,10000.0,0,0,1,1,1,0,1,1,0,1,0,0,1,0,0,0,0,1,0,0,4,-1
Magic Wand,0.9444444444444444,36,2.79,10000.0,0,0,1,0,1,0,0,0,1,0,0,0,1,0,0,0,0,0,0,0,1,-1
Critical Annihilation,0.9175257731958762,194,4.79,10000.0,0,0,1,1,0,0,0,0,0,1,0,0,1,1,0,1,0,1,0,1,2,-1
Hybrid Animals,0.593939393939394,330,4.99,35000.0,0,0,1,1,0,1,0,1,0,0,0,0,1,1,0,0,0,0,1,0,4,-1
HyperParasite,0.967741935483871,31,6.19,10000.0,0,0,1,1,1,0,0,0,0,1,0,0,1,0,0,0,0,1,0,0,1,-1
Crown and Council,0.6267409470752089,718,0.0,150000.0,0,0,1,0,0,1,1,0,0,0,0,0,1,0,0,0,0,0,0,0,4,-1
Ripped Pants at Work,0.8333333333333334,24,2.09,10000.0,0,0,1,1,0,0,0,0,0,0,0,0,1,0,0,0,1,0,0,0,1,-1
Endless Jade Sea -Midori no Umi-,0.8518518518518519,108,1.69,10000.0,0,0,1,0,1,0,0,0,1,0,0,0,1,0,0,0,0,0,0,0,1,-1
ReignmanÔºàÊéåÊéßËÄÖÔºâ,0.7857142857142857,28,2.89,10000.0,0,0,1,0,1,0,1,0,0,0,0,0,1,0,0,0,0,0,0,0,1,-1
Bad Pad,0.92,25,10.29,10000.0,0,0,1,1,0,0,0,0,0,0,0,0,1,1,1,1,1,0,0,0,0,-1
Zup! Zero,0.9256559766763849,1372,0.79,75000.0,187,204,1,0,0,1,0,0,0,0,0,0,1,1,1,0,0,0,0,0,1,-1
Samozbor: Rebellion,0.8181818181818182,11,0.79,10000.0,0,0,1,0,0,1,0,0,0,0,0,0,1,0,0,0,0,0,0,0,1,-1
Burst Fighter,1.0,13,6.99,10000.0,0,0,1,1,0,0,0,0,0,0,0,0,1,1,0,1,1,0,0,1,2,-1
The Shadowland,0.6129032258064516,31,0.79,10000.0,0,0,1,0,1,0,0,0,0,0,0,0,1,0,1,0,0,0,0,0,1,-1
Weable,0.847457627118644,59,0.79,35000.0,205,205,1,1,0,1,0,0,0,0,0,0,1,0,1,0,0,0,0,0,1,-1
Cosmonator,0.9655172413793104,29,5.19,10000.0,0,0,1,1,0,0,0,0,1,0,0,0,1,1,0,1,0,1,0,1,2,-1
Turret Architect,0.5102040816326531,49,0.79,10000.0,254,258,0,0,0,1,0,1,0,1,0,0,1,0,1,0,0,0,0,0,4,-1
Game Builder,0.8888888888888888,180,0.0,75000.0,3,3,1,0,0,0,0,1,0,1,1,0,1,0,0,0,0,0,1,0,4,-1
System Goose Overload,0.9302325581395349,43,0.0,10000.0,0,0,1,0,1,0,0,0,1,0,0,0,1,0,0,0,0,1,0,0,1,-1
Shaolin vs Wutang,0.9378068739770867,611,10.99,10000.0,0,0,1,1,0,1,0,0,0,0,0,0,1,1,0,0,1,0,0,1,2,-1
Tallowmere,0.9325842696629213,623,2.89,35000.0,420,487,1,1,0,0,0,0,0,0,0,0,1,1,1,1,1,0,0,1,2,-1
Women's Soccer Manager,0.7413793103448276,58,0.0,35000.0,0,0,0,0,0,0,1,0,0,0,1,1,0,0,0,0,0,0,0,0,4,-1
Depth,0.8657230150442821,25857,14.99,1500000.0,791,486,1,1,0,0,0,0,0,0,0,0,1,1,1,1,1,0,1,1,2,-1
Ambition of the Slimes,0.9230769230769231,13,3.99,10000.0,0,0,1,0,0,0,1,1,1,0,0,0,1,1,0,0,1,0,0,0,4,-1
Zimbo,0.3898305084745763,118,0.79,10000.0,0,0,1,1,1,1,0,1,0,0,0,1,1,1,0,0,0,0,0,0,1,-1
The Samaritan Paradox,0.7518248175182481,137,4.99,35000.0,0,0,1,0,1,0,0,0,0,0,0,0,1,1,1,0,0,0,0,0,1,2
Marching Simulator,0.7575757575757576,33,0.0,10000.0,0,0,0,0,0,0,0,1,0,1,1,0,1,0,0,0,0,0,0,0,4,-1
Collapse,0.7215189873417721,474,14.99,75000.0,114,114,0,1,1,0,0,0,0,0,0,0,1,0,1,0,1,0,0,0,0,-1
Eternal Step,0.7142857142857143,42,6.99,10000.0,0,0,1,1,1,0,0,0,1,0,0,0,1,0,1,1,1,0,0,0,0,-1
The Long Reach,0.8775510204081632,147,12.99,10000.0,0,0,1,1,1,0,0,0,0,0,0,0,1,0,0,0,1,0,0,0,1,-1
Erotic Jigsaw Challenge Vol. 1,0.8095238095238095,21,0.79,10000.0,0,0,1,0,0,1,0,1,0,0,0,0,1,1,0,0,0,0,0,0,1,-1
Tesla vs Lovecraft,0.8872017353579176,461,10.99,35000.0,131,131,1,1,0,0,0,0,1,0,0,0,1,1,1,1,1,0,0,1,2,-1
Picross Touch,0.9142857142857143,630,0.0,75000.0,4420,4420,1,0,0,1,1,0,0,0,1,0,1,1,0,1,0,0,0,1,2,-1
Planet Centauri,0.8163793103448276,1160,11.99,75000.0,947,947,1,1,1,0,0,0,1,1,0,0,1,0,1,0,0,0,1,0,1,-1
Oliver's Adventures in the Fairyland,0.9,20,3.99,10000.0,0,0,1,1,1,0,0,0,0,0,0,0,1,1,0,0,0,0,0,0,1,-1
Solas and the White Winter,0.6666666666666666,21,7.19,10000.0,0,0,1,0,1,0,0,0,0,0,0,0,1,1,0,0,1,0,0,0,1,-1
Aurora Dusk: Steam Age,0.8361581920903954,177,6.99,35000.0,244,244,1,0,0,0,1,0,1,0,0,0,1,1,1,0,0,0,1,0,4,-1
Sexy Serial Killer,0.5068493150684932,73,2.09,10000.0,0,0,0,1,1,0,0,0,0,0,0,0,1,1,0,0,0,0,0,0,1,-1
City VR,0.5714285714285714,14,10.99,10000.0,0,0,0,0,0,0,0,1,0,1,0,0,1,0,0,0,0,0,0,0,4,-1
The Gardens Between,0.9368029739776952,269,15.49,10000.0,0,0,1,0,1,0,0,0,0,0,0,0,1,1,0,1,1,0,0,0,0,-1
Time Carnage VR,0.8,50,14.99,10000.0,0,0,1,1,0,0,0,0,0,0,0,0,1,1,1,1,0,0,0,0,0,-1
EMPORIUM,0.7117117117117117,111,1.59,10000.0,0,0,1,0,1,1,0,0,0,0,0,0,1,1,1,0,0,1,0,0,1,-1
Bombernauts,0.9186991869918699,123,6.99,35000.0,0,0,1,1,0,0,0,0,0,0,0,0,0,1,1,1,1,0,1,0,0,-1
Stormbound,0.6743589743589744,390,0.0,75000.0,54,54,0,0,0,0,1,0,0,0,1,0,0,0,0,0,0,0,0,0,4,-1
Cavesweeper,1.0,14,1.99,10000.0,0,0,1,0,1,1,1,0,0,0,0,0,1,1,0,0,0,0,0,1,2,-1
VilleTown,0.8666666666666667,15,3.99,10000.0,0,0,1,0,0,0,1,1,0,0,0,0,1,0,1,0,0,0,0,0,4,-1
Twixel,0.8666666666666667,15,1.69,10000.0,0,0,0,1,0,0,0,0,0,0,0,0,1,1,1,1,0,1,0,0,0,-1
GACHIMUCHI M‚ôÇNLY PUZZLE,0.8863636363636364,44,0.9,10000.0,0,0,1,0,0,1,1,1,0,0,0,0,1,1,0,0,0,0,0,0,4,-1
Evil Bank Manager,0.7800632911392406,632,9.29,35000.0,0,0,1,0,0,0,1,1,0,0,0,0,1,1,1,1,0,0,0,0,0,-1
Struckd - 3D Game Creator,0.6255924170616114,211,0.0,75000.0,0,0,0,1,1,1,0,0,1,1,0,0,1,0,0,0,0,0,0,0,1,-1
Adventure Time: Finn and Jake's Epic Quest,0.7482352941176471,425,6.99,35000.0,0,0,0,1,1,0,0,0,0,0,0,0,1,1,0,0,1,0,0,0,1,-1
Glitch,0.5033112582781457,302,0.0,75000.0,0,0,1,0,1,1,1,0,0,0,1,0,1,0,0,0,0,0,0,0,4,-1
Black Squad,0.7525236733964624,44776,0.0,7500000.0,1835,42,0,1,0,0,0,0,0,1,1,0,0,1,1,0,0,0,1,0,4,-1
Syberia 3,0.4932182490752158,1622,23.79,150000.0,1302,1523,0,0,1,0,0,0,0,0,0,0,1,1,1,0,0,1,0,0,0,-1
Command HQ,0.9696969696969697,33,4.99,35000.0,0,0,0,0,0,0,1,0,0,0,0,0,1,0,0,0,0,0,0,0,4,-1
OZMAFIA!!,0.8805970149253731,335,26.99,10000.0,0,0,0,0,1,0,0,0,0,0,0,0,1,0,1,1,0,0,0,0,0,-1
Unknown Battle,0.3024390243902439,615,2.79,350000.0,326,376,1,1,1,0,0,0,0,0,0,0,1,0,1,0,0,0,0,0,1,-1
Modern Combat 5,0.43213499633162145,1363,0.0,350000.0,129,69,0,1,0,0,0,0,0,0,1,0,1,0,0,0,0,0,0,0,4,-1
Rebel Galaxy,0.8527002173549574,5981,14.99,750000.0,618,912,1,1,1,0,0,1,1,0,0,0,1,1,0,1,1,0,0,0,0,-1
Bicyclism EP,0.6842105263157895,19,5.79,10000.0,11,11,1,1,0,0,0,1,0,0,0,1,1,1,1,1,1,0,0,0,0,-1
Rise of the Argonauts,0.6721915285451197,543,4.99,350000.0,88,147,0,0,0,0,0,0,1,0,0,0,1,0,0,0,1,0,0,0,1,-1
BlazBlue: Continuum Shift Extend,0.9189686924493554,1086,14.99,150000.0,167,167,0,1,0,0,0,0,0,0,0,0,1,1,1,1,1,0,1,0,0,-1
Dark Ghost RPG,0.36363636363636365,11,4.79,10000.0,0,0,1,1,1,0,0,1,1,0,0,0,1,1,0,0,0,1,0,0,1,-1
INIT.,0.1875,16,1.59,10000.0,0,0,1,1,1,1,1,0,0,0,0,0,1,0,1,1,0,1,0,0,1,-1
Djilyaro,0.5,12,0.79,10000.0,0,0,1,0,0,0,0,0,0,0,0,0,1,1,0,0,0,0,0,0,1,-1
Empires of the Undergrowth,0.9125816993464052,1224,15.99,75000.0,863,863,1,0,0,0,1,1,0,1,0,0,1,0,0,0,0,0,0,0,4,-1
Jettomero: Hero of the Universe,0.8414634146341463,82,9.99,10000.0,0,0,1,0,0,0,0,0,0,0,0,0,1,1,0,1,1,0,0,0,0,-1
Gary the Gull,0.43333333333333335,30,0.0,10000.0,0,0,0,0,1,0,0,0,0,0,0,0,1,0,0,0,0,0,0,0,1,-1
Katamari Damacy REROLL,0.9059967585089141,617,15.99,35000.0,105,105,0,1,0,1,0,0,0,0,0,0,1,1,1,1,1,0,0,0,0,-1
Dungeon Girl,0.5357142857142857,28,8.99,10000.0,0,0,0,0,0,1,0,0,0,0,0,0,1,1,1,1,0,0,0,0,0,-1
Guise Of The Wolf,0.3316582914572864,199,1.99,10000.0,0,0,1,1,1,0,0,0,0,0,0,0,1,1,1,0,0,1,0,0,1,-1
Frantic Dimension,0.9473684210526315,19,0.0,10000.0,0,0,1,1,0,0,0,0,0,0,1,0,1,0,0,0,0,1,0,1,2,-1
The Next World,0.7126436781609196,87,9.99,35000.0,0,0,1,0,1,1,0,0,0,0,0,0,1,1,1,0,0,0,0,0,1,-1
March of Empires,0.5469798657718121,298,0.0,75000.0,3,3,0,0,0,0,1,0,1,0,1,0,0,1,0,0,0,0,0,0,4,-1
Play Cube with Uncle Billy,0.6428571428571429,14,0.79,10000.0,0,0,1,0,0,1,1,0,0,0,0,0,1,0,0,0,0,0,0,0,4,-1
Band of Defenders,0.5397350993377483,302,10.99,75000.0,0,0,0,1,0,0,0,0,0,0,0,0,1,1,1,0,0,0,0,0,1,-1
Infinite Fall,0.5882352941176471,17,0.79,10000.0,0,0,1,0,0,1,1,0,0,0,0,0,1,0,0,0,0,0,0,0,4,-1
Steno Arcade,0.75,168,0.0,75000.0,1,1,1,0,0,1,0,0,0,1,1,0,1,0,0,0,0,0,0,0,4,-1
Header Goal VR: Being Axel Rix,0.8823529411764706,17,3.99,10000.0,0,0,1,1,0,0,0,1,0,0,0,1,1,1,0,1,0,0,0,1,2,-1
"ÊåÅÁå´Â∞ëÂ•≥ÂáØËíÇ/Kaidi, armed with a cat",1.0,18,0.79,10000.0,0,0,1,0,1,1,0,0,0,0,0,0,1,1,0,0,0,0,0,0,1,-1
FlyInside Flight Simulator,0.7741935483870968,62,27.79,10000.0,0,0,1,0,0,0,0,1,0,1,0,0,1,1,0,0,0,1,0,0,4,-1
X-COM: Apocalypse,0.8872340425531915,470,2.99,750000.0,18,18,0,0,0,0,1,0,0,0,0,0,1,0,0,0,0,0,0,0,4,-1
Archipelago,0.6511627906976745,43,0.79,10000.0,0,0,0,0,0,0,1,0,0,0,0,0,1,0,0,0,0,0,0,0,4,-1
Atomic Society,0.7489878542510121,247,11.99,10000.0,0,0,0,0,0,0,1,1,0,1,0,0,1,0,0,0,0,0,0,0,4,-1
Clocker Èì∏Êó∂Âå†,0.9523809523809523,105,9.29,10000.0,0,0,1,0,1,0,0,0,1,0,0,0,1,1,0,1,0,1,0,0,1,-1
The Pirate: Plague of the Dead,0.7165605095541401,314,0.0,150000.0,11,11,1,1,1,0,1,1,0,0,1,0,1,0,0,1,0,0,0,0,4,-1
Pixel Puzzles Mosaics,0.8571428571428571,21,6.99,10000.0,0,0,1,0,0,1,1,1,0,0,0,1,1,1,1,1,0,0,0,0,0,-1
The Sea Eternal,0.4166666666666667,24,2.89,10000.0,0,0,1,0,1,0,0,0,1,0,0,0,1,1,0,1,0,0,0,0,1,-1
Platypus,0.9090909090909091,308,4.99,75000.0,260,267,0,1,0,0,0,0,0,0,0,0,1,0,1,0,0,0,0,0,1,-1
Divinity II: Developer's Cut,0.8194103194103194,2442,14.99,750000.0,2511,70,0,0,0,0,0,0,1,0,0,0,1,0,0,0,0,0,0,0,4,-1
MC Lars: The Video Game,0.8333333333333334,12,3.99,10000.0,0,0,1,1,0,0,0,0,0,0,0,0,1,1,0,0,0,1,0,0,1,-1
Deck Casters,0.9316239316239316,117,12.39,10000.0,0,0,1,0,0,0,1,0,0,0,0,0,1,1,0,1,0,0,0,0,0,-1
Welcome to Princeland,0.8690476190476191,84,3.99,10000.0,0,0,0,1,1,1,0,0,0,0,0,0,1,1,0,1,1,0,1,1,2,-1
Take the Cake,0.7,10,3.99,10000.0,0,0,1,1,1,0,0,0,0,0,0,0,1,1,1,0,0,1,0,0,1,-1
Divided We Fall: Play For Free,0.5393939393939394,165,0.0,10000.0,0,0,1,1,0,0,1,0,0,0,1,0,1,1,0,0,0,0,1,0,4,-1
Heli Heroes,0.45625,320,3.99,350000.0,282,273,0,1,0,1,0,0,0,0,0,0,1,0,1,1,0,0,0,0,1,-1
CrazyCars3D,0.6600985221674877,203,1.99,75000.0,243,241,1,1,1,1,0,1,0,0,0,0,1,1,1,1,0,1,1,0,0,-1
Space Wars: Interstellar Empires,0.655367231638418,177,0.0,75000.0,0,0,0,0,0,0,1,0,0,1,1,0,0,1,1,0,0,0,0,0,4,-1
Beckett,1.0,40,7.19,10000.0,0,0,1,0,1,0,0,0,0,0,0,0,1,1,0,0,0,0,0,0,1,-1
Tribloos 2,0.8264150943396227,265,3.99,150000.0,243,275,1,0,0,1,1,0,0,0,0,0,1,1,1,0,0,0,0,0,4,-1
Speedy Girls - Dream Team,0.2608695652173913,23,3.99,10000.0,0,0,1,0,0,0,0,0,0,0,0,0,1,1,0,0,0,0,0,0,1,-1
aMAZE Untouchable,0.8275862068965517,29,0.79,10000.0,0,0,1,0,0,1,0,0,0,0,0,0,1,1,0,0,0,0,0,0,1,0
Divine Slice of Life,0.6973180076628352,261,7.19,35000.0,284,284,1,0,1,1,0,0,0,0,0,0,1,1,1,1,0,0,0,0,0,-1
Temple Escape,0.85,40,1.69,10000.0,0,0,1,0,0,1,0,0,0,0,0,0,1,1,0,0,0,0,0,1,2,-1
Perils of Man,0.8012820512820513,156,6.99,35000.0,0,0,1,0,1,0,0,0,0,0,0,0,1,1,1,1,0,0,0,0,0,-1
Inquisitor,0.6680161943319838,494,6.99,150000.0,0,0,1,0,0,0,0,0,1,0,0,0,1,0,1,0,0,0,0,0,1,-1
Fimbul,0.6666666666666666,21,14.99,10000.0,0,0,1,1,1,0,0,0,0,0,0,0,1,1,0,1,1,0,0,0,0,-1
Magnifico,0.5765765765765766,111,3.99,75000.0,6,6,0,0,0,1,1,0,0,0,0,0,1,0,1,0,0,0,0,0,4,-1
PuzzleQuest: Challenge of the Warlords,0.875195007800312,641,6.99,150000.0,52,52,0,0,0,1,0,0,0,0,0,0,1,0,0,1,0,0,1,0,4,-1
Thunder Wolves,0.860730593607306,438,7.99,150000.0,0,0,1,1,0,1,0,0,0,0,0,0,1,1,0,0,1,0,0,1,2,-1
Santa's Special Delivery,0.9,10,1.99,10000.0,0,0,1,1,0,0,0,0,0,0,0,0,1,0,1,0,1,0,0,0,1,-1
Eisenwald: Blood of November,0.552,125,5.99,35000.0,0,0,1,0,1,0,1,0,1,0,0,0,1,1,1,1,0,0,0,0,0,-1
The Mummy Demastered,0.8018018018018018,222,15.49,10000.0,299,299,0,1,1,0,0,0,0,0,0,0,1,1,1,1,1,0,0,0,0,-1
Let Hawaii Happen VR,0.56,25,0.0,10000.0,0,0,0,0,0,0,0,1,0,0,0,0,1,0,0,0,0,0,0,0,4,-1
Woodle Tree 2: Worlds,0.7217741935483871,248,2.79,75000.0,381,381,0,1,1,0,0,0,0,0,0,0,1,1,1,0,1,0,1,0,0,-1
Undead vs Plants,0.35714285714285715,42,4.99,10000.0,0,0,1,1,1,1,0,0,0,0,0,0,1,0,0,0,0,0,0,0,1,-1
Mr Husky,0.9166666666666666,24,1.69,10000.0,0,0,1,1,1,1,0,1,0,1,0,0,1,0,0,1,0,1,0,0,1,-1
The Curse of Nordic Cove,0.5357142857142857,28,0.79,10000.0,0,0,1,1,1,0,0,0,0,0,0,0,1,0,0,0,0,1,0,0,1,-1
The Zwuggels - A Beach Holiday Adventure for Kids,0.9705882352941176,34,2.39,10000.0,0,0,1,0,1,1,0,0,0,0,0,0,1,1,0,0,0,0,0,0,1,-1
Cally's Caves 3,0.8192488262910798,426,5.99,35000.0,221,221,1,1,1,0,0,0,1,0,0,0,1,1,1,1,1,0,0,0,0,-1
The Prison Experiment: Battle Royale,0.3707865168539326,89,2.09,10000.0,0,0,1,1,0,0,1,0,1,1,0,0,0,0,0,0,0,0,1,0,4,-1
Cat's Bar,0.6666666666666666,33,1.69,10000.0,0,0,1,0,0,1,1,0,0,0,0,0,1,1,0,1,0,0,0,0,4,-1
This Merchant Life,0.7352941176470589,34,5.99,10000.0,0,0,1,0,0,0,1,0,1,1,0,0,1,0,0,0,0,0,0,0,4,-1
Pure Chess Grandmaster Edition,0.673469387755102,98,11.99,10000.0,0,0,1,0,0,1,1,1,0,0,0,1,1,1,1,0,1,0,1,0,4,-1
Workers & Resources: Soviet Republic,0.8148809523809524,1680,19.99,75000.0,0,0,1,0,0,0,1,1,0,1,0,0,1,0,0,0,0,0,0,0,4,-1
Anna - Extended Edition,0.6422823701536211,1367,7.99,350000.0,269,269,1,0,1,0,0,0,0,0,0,0,1,1,1,1,0,0,0,0,0,-1
BFF or Die,0.8571428571428571,21,9.99,10000.0,0,0,1,1,0,1,0,0,0,0,0,0,1,1,0,0,0,1,0,0,1,-1
Psychopathics,0.6818181818181818,22,1.69,10000.0,0,0,0,1,1,0,0,0,0,0,0,0,1,0,0,0,0,0,0,0,1,-1
Oppai Puzzle,0.922077922077922,77,0.79,10000.0,0,0,1,0,0,1,0,0,0,0,0,0,1,1,0,0,0,0,0,0,1,0
Click Space Miner,0.36363636363636365,22,1.69,10000.0,0,0,1,1,0,1,0,0,0,0,0,0,1,0,0,1,0,0,0,0,1,-1
It's Quiz Time,0.75,48,15.99,10000.0,0,0,1,0,0,1,1,0,0,0,0,0,1,1,0,0,1,0,1,1,2,-1
Lazerbait,0.9720812182741116,394,0.0,75000.0,13,13,1,0,0,0,1,0,0,0,0,0,1,1,0,0,0,0,0,1,2,-1
SAMURAI WARRIORS 4-II,0.7788065843621399,972,39.99,35000.0,0,0,0,1,0,0,0,0,0,0,0,0,1,1,0,0,0,1,1,1,2,-1
Katy and Bob: Safari Cafe,0.8571428571428571,42,3.99,35000.0,0,0,0,0,0,1,1,0,0,0,0,0,1,1,1,0,0,0,0,0,4,-1
Grobda Remix,0.7414104882459313,553,1.69,150000.0,143,211,1,0,1,1,0,0,0,0,0,0,1,0,1,1,0,0,0,0,1,-1
Fighters Unleashed,0.14285714285714285,14,2.09,10000.0,0,0,1,1,1,0,0,0,0,0,0,0,1,0,0,0,0,1,0,0,1,-1
Voxel Shot VR,1.0,12,9.99,10000.0,0,0,1,1,0,1,0,0,0,0,0,0,1,0,0,0,0,0,0,0,1,-1
Nakawak: Expanded Color Edition,0.8181818181818182,22,2.89,10000.0,0,0,1,1,1,0,0,0,0,0,0,0,1,0,0,0,0,1,0,0,1,-1
Audio Arena,0.8695652173913043,23,4.99,10000.0,0,0,0,1,0,0,0,0,0,0,0,0,1,1,1,0,1,0,0,1,2,-1
NeoBoom,0.3611111111111111,36,0.79,10000.0,1,1,1,0,0,1,1,0,0,0,0,0,1,1,1,0,0,0,0,0,4,-1
Dog Jam,0.8666666666666667,15,3.99,10000.0,0,0,1,0,0,1,1,0,0,0,0,0,1,1,0,0,0,0,0,0,4,-1
Therian Saga,0.691358024691358,324,0.0,75000.0,1,1,0,0,0,0,1,0,1,0,1,0,0,0,0,0,0,0,1,0,4,-1
Peggle‚Ñ¢ Nights,0.9387755102040817,392,4.25,350000.0,237,237,0,0,0,1,0,0,0,0,0,0,1,0,0,0,0,0,0,0,4,-1
The Underground Man,0.8342287029930928,1303,1.99,75000.0,102,102,1,0,1,0,0,0,0,0,0,0,1,1,1,0,0,0,0,0,1,2
And Yet It Moves,0.692090395480226,1062,6.99,350000.0,17,22,1,1,0,0,0,0,0,0,0,0,1,1,0,0,0,1,0,0,1,-1
egg is broken. heart is too.,0.8823529411764706,17,3.99,10000.0,0,0,1,1,0,1,0,0,0,0,0,0,1,0,0,0,0,0,0,0,1,-1
Highland Warriors,0.55,20,5.59,10000.0,0,0,0,0,0,0,1,0,0,0,0,0,1,0,0,0,0,0,0,0,4,-1
CINEVR - The Movie Theater,0.4482758620689655,29,0.0,10000.0,0,0,0,0,0,0,0,0,0,0,0,0,0,0,0,0,1,0,0,0,4,-1
The Pillage,0.9259259259259259,27,0.79,10000.0,0,0,1,1,0,1,0,0,0,0,0,0,1,1,1,0,0,0,0,0,1,-1
AntharioN,0.66875,160,10.99,10000.0,0,0,1,0,1,0,1,0,1,0,0,0,1,0,0,0,0,0,0,0,1,-1
Another Perspective,0.8719723183391004,289,4.79,35000.0,0,0,1,0,1,0,0,0,0,0,0,0,1,1,0,0,0,1,0,0,1,-1
HEPH,0.7222222222222222,18,2.09,10000.0,0,0,1,1,1,0,0,0,0,0,0,0,1,0,0,0,0,0,0,0,1,-1
I ‚ô• You!,0.726027397260274,73,0.79,10000.0,0,0,0,0,1,0,0,1,0,0,0,0,1,0,0,0,0,0,0,0,1,-1
FEAST: Book One ¬´Family Ties¬ª,0.7534246575342466,73,0.0,10000.0,0,0,1,0,1,1,0,0,0,0,1,0,1,0,0,1,0,0,0,0,1,-1
THE KING OF FIGHTERS XIV STEAM EDITION,0.8074894514767933,1896,44.99,150000.0,381,429,0,1,0,0,0,0,0,0,0,0,1,1,1,1,1,0,1,1,0,-1
ÂøÉ‰πãÊ™ª,0.8028169014084507,71,5.79,10000.0,0,0,1,0,0,1,0,0,1,0,0,0,1,1,0,1,0,0,0,0,1,-1
Tank Brawl,0.6666666666666666,33,3.99,10000.0,0,0,1,1,0,1,0,0,1,0,0,0,1,0,0,0,1,0,0,1,2,-1
Paper Dungeons Crawler,0.7272727272727273,22,7.19,10000.0,0,0,1,0,0,0,0,0,1,0,0,0,1,1,0,0,0,0,0,0,1,-1
Chinese Souls-Hua Garden/ÂçéÂ§èÂõ≠,0.5454545454545454,33,2.89,10000.0,0,0,1,1,0,0,0,0,1,0,0,0,1,0,0,0,0,0,0,0,1,-1
Relativity,0.9090909090909091,11,1.59,10000.0,0,0,1,1,1,0,0,0,0,0,0,0,1,0,0,0,0,0,0,0,1,-1
This Strange Realm Of Mine,0.8285714285714286,210,10.29,10000.0,0,0,1,1,1,0,0,0,0,0,0,0,1,1,1,1,0,0,0,0,0,-1
A Study in Steampunk: Choice by Gaslight,0.9696969696969697,132,2.89,10000.0,0,0,1,0,0,0,0,0,1,0,0,0,1,1,0,1,0,0,0,0,0,-1
Luxor Evolved,0.9158878504672897,214,6.99,75000.0,94,94,1,1,0,1,0,0,0,0,0,0,1,1,0,1,0,1,0,1,2,-1
The Maid_san's Caving Adventure - „É°„Ç§„Éâ„Åï„ÇìÊ¥ûÁ™üÊé¢Ê§ú -,0.5625,16,1.59,10000.0,0,0,1,1,0,0,0,0,0,0,0,0,1,0,0,0,1,0,0,0,1,-1
HOT PINK,0.9523809523809523,21,7.19,10000.0,0,0,1,1,0,1,0,0,0,0,0,0,1,1,0,1,0,1,0,0,1,-1
Vulture for NetHack,0.6938775510204082,147,2.09,10000.0,13714,13714,1,0,0,0,1,0,1,0,0,0,1,0,1,1,0,0,0,0,0,-1
Back to Bed,0.8140293637846656,1839,4.49,750000.0,242,222,1,1,0,1,0,0,0,0,0,0,1,1,1,1,1,0,0,0,0,-1
Batter Up! VR,0.9411764705882353,17,7.19,10000.0,0,0,0,0,0,1,0,1,0,0,0,0,1,1,1,0,0,1,0,0,1,-1
Macbat 64,0.8571428571428571,91,1.69,10000.0,0,0,1,1,0,0,0,0,0,0,0,0,1,0,0,0,0,1,0,0,1,-1
ShineG Has Nightmares,0.8285714285714286,35,1.69,10000.0,0,0,1,1,1,1,1,0,1,0,0,0,1,1,0,0,0,1,0,0,1,-1
‚úå Johnny Rocket,0.6428571428571429,14,7.19,10000.0,0,0,1,1,0,0,0,0,0,0,0,0,1,1,0,0,1,0,0,1,2,-1
Chicken Farm 2K17,0.7033492822966507,209,0.0,75000.0,43,43,1,0,0,1,1,1,0,0,1,0,1,0,0,0,0,0,0,0,4,-1
SHOCK TROOPERS,0.7945205479452054,73,5.59,35000.0,0,0,0,1,0,0,0,0,0,0,0,0,1,1,0,1,1,0,1,1,2,-1
DESOLATE,0.7009294696555495,3658,19.99,150000.0,503,987,0,1,1,0,0,0,1,0,0,0,1,0,0,1,0,1,1,0,0,-1
Unforgiving Trials: The Space Crusade,0.5901639344262295,244,0.99,350000.0,243,233,1,0,1,0,0,0,1,0,0,0,1,0,1,0,0,0,0,0,1,-1
Pizzarian,0.8666666666666667,15,2.79,10000.0,0,0,1,1,0,0,0,0,0,0,0,0,1,1,0,0,0,1,0,0,1,-1
Injustice: Gods Among Us Ultimate Edition,0.8565166569257744,10266,14.99,1500000.0,288,320,0,1,0,0,0,0,0,0,0,0,1,1,1,1,1,0,1,1,2,-1
Live2DViewerEX,0.8796296296296297,756,3.99,75000.0,55,55,0,0,0,0,0,0,0,1,0,0,0,0,0,0,0,0,0,0,4,-1
Battle Islands: Commanders,0.4854111405835544,754,0.0,350000.0,10,10,0,1,0,0,1,0,0,0,1,0,1,0,0,0,1,0,0,0,4,-1
BLUE REVOLVER,0.9914893617021276,235,10.99,10000.0,0,0,1,1,0,0,0,0,0,0,0,0,1,1,1,1,1,0,0,0,0,-1
Freddi Fish and Luther's Water Worries,0.8,30,3.99,35000.0,0,0,0,0,1,1,0,0,0,0,0,0,1,0,0,1,0,0,0,0,1,-1
Ben The Exorcist,0.8888888888888888,18,4.79,10000.0,0,0,1,1,1,0,0,0,0,0,0,0,1,1,0,0,0,1,0,0,1,-1
KOBOLD: Chapter I,0.8448275862068966,58,7.19,10000.0,0,0,0,0,1,0,0,0,0,0,0,0,1,0,0,0,0,0,0,0,1,-1
Leave The Nest,0.8,10,1.99,10000.0,0,0,1,1,0,1,0,0,0,0,0,0,1,1,1,0,0,0,0,1,2,-1
The White Laboratory,0.7792207792207793,154,7.19,10000.0,0,0,1,0,0,0,1,0,0,0,0,0,1,1,0,1,0,0,0,0,0,-1
Destroyer: Invasion,0.5882352941176471,17,0.79,10000.0,0,0,1,1,0,0,0,0,0,0,0,0,1,1,0,0,1,0,0,0,1,-1
Conquer,0.5217391304347826,23,7.19,10000.0,0,0,1,1,1,0,0,0,0,0,0,0,1,0,0,0,0,0,0,0,1,-1
TRIP Steam Edition,0.48046875,256,3.99,10000.0,0,0,1,0,1,1,0,1,0,0,0,0,1,0,0,0,0,0,0,0,1,-1
Who Is Mike - A Visual Novel,0.9051724137931034,348,0.0,75000.0,48,48,1,0,0,1,0,1,1,0,0,0,1,0,0,0,0,0,0,0,1,-1
The Afterglow of Grisaia,0.9482758620689655,58,5.99,10000.0,0,0,0,0,1,1,0,0,0,0,0,0,1,0,1,1,0,0,0,0,0,-1
Ellen,0.8666666666666667,15,7.19,10000.0,0,0,1,0,0,0,0,0,0,0,0,0,1,1,0,0,0,0,0,0,1,-1
Change,0.9438596491228071,285,3.99,10000.0,310,310,1,0,0,1,0,0,0,0,0,0,1,1,0,1,0,0,0,0,1,-1
One Hundred Ways,0.5882352941176471,51,3.99,35000.0,309,356,1,0,0,1,1,0,0,0,0,0,1,0,1,0,0,0,0,0,4,-1
Bonds,0.92,25,4.49,10000.0,0,0,1,0,0,1,0,1,0,0,0,0,1,0,0,0,0,0,0,0,4,-1
Tompi Jones,0.36666666666666664,90,2.79,35000.0,0,0,1,1,1,1,0,0,0,0,0,0,1,0,0,0,0,0,0,0,1,-1
BATTLE X,0.5,18,15.49,10000.0,0,0,0,1,1,0,0,1,0,0,0,0,1,0,0,0,0,1,1,0,4,-1
Experience,0.4965986394557823,147,3.19,150000.0,255,273,1,1,0,1,0,0,0,0,0,0,1,0,1,1,0,0,0,0,1,-1
INFINITI VR,0.6666666666666666,54,0.0,35000.0,0,0,0,0,0,0,0,0,0,0,1,0,1,0,0,0,0,0,0,0,4,-1
Zulu Response,0.4883720930232558,43,10.99,10000.0,0,0,1,1,0,0,1,1,0,0,0,0,1,0,0,0,0,0,1,0,4,-1
LOOT BOX ACHIEVEMENT SIMULATOR,0.42105263157894735,38,0.99,10000.0,0,0,1,0,0,0,0,1,0,0,0,0,1,1,0,0,0,0,0,0,1,-1
Outer Space,0.8181818181818182,44,0.79,10000.0,0,0,1,0,0,1,0,1,0,0,0,0,1,0,0,0,0,0,0,0,4,-1
Crusaders: Thy Kingdom Come,0.5416666666666666,24,6.99,35000.0,0,0,0,0,0,0,1,0,0,0,0,0,1,0,0,0,0,0,1,0,4,-1
Market Tycoon,0.6183206106870229,131,8.99,10000.0,0,0,1,0,0,1,1,1,1,1,0,0,1,0,0,0,0,0,0,0,4,-1
Horse Farm,0.41304347826086957,92,0.0,35000.0,0,0,0,0,0,1,0,1,0,0,1,0,1,1,0,0,0,0,0,0,4,-1
ÂóúË°ÄÂç∞ Bloody Spell,0.8021555042340262,1299,15.49,75000.0,36,36,1,1,1,0,0,0,1,1,0,0,1,1,0,1,1,0,0,0,0,-1
Ultimate Racing 2D,0.8928571428571429,112,6.99,10000.0,0,0,1,0,0,0,0,1,0,0,0,1,1,0,0,1,1,0,1,0,0,-1
Shadow Warrior 2,0.8783526561688874,11558,34.99,350000.0,993,1655,0,1,1,0,0,0,0,0,0,0,1,1,1,1,1,0,0,0,0,-1
NBA 2K19,0.27682806766311646,11173,39.99,350000.0,2901,2803,0,0,0,0,0,1,0,0,0,1,1,1,0,1,1,0,1,0,0,-1
Atlantis VR,0.4,45,1.69,10000.0,0,0,0,0,0,1,0,1,0,0,0,0,1,0,0,0,0,0,0,0,4,-1
Samurai Riot,0.8867924528301887,53,10.99,10000.0,0,0,1,1,1,0,0,0,0,0,0,0,1,0,0,1,1,0,0,0,0,-1
Heroes of Arca,0.6896551724137931,58,0.0,10000.0,0,0,1,0,0,0,1,0,1,0,0,0,1,1,1,0,0,0,0,0,1,-1
Eryi's Action,0.877221324717286,1238,3.99,75000.0,159,159,1,1,0,0,0,0,0,0,0,0,1,1,1,1,0,1,0,0,0,-1
Alchemy Mysteries: Prague Legends,0.7703777335984096,1006,1.59,150000.0,245,309,1,0,1,1,0,0,0,0,0,0,1,1,1,1,0,0,0,0,0,-1
Professional Fishing,0.6107011070110702,542,0.0,350000.0,72,85,0,1,0,1,0,1,0,0,1,1,0,0,0,0,0,0,1,0,4,-1
Hearts of Iron IV,0.8686001701616536,39962,34.99,1500000.0,9413,4181,0,0,0,0,1,1,0,0,0,0,1,1,1,1,0,0,1,0,0,-1
Trials on Tatooine,0.8069727891156463,1176,0.0,350000.0,169,169,0,1,0,0,0,0,0,0,0,0,1,0,0,0,0,0,0,0,1,-1
Bloo Kid 2,0.9292035398230089,226,2.89,75000.0,1,1,1,1,0,0,0,0,0,0,0,0,1,1,0,0,1,0,0,0,1,-1
Creeping Terror,0.7,20,6.19,10000.0,0,0,1,0,1,0,0,0,0,0,0,0,1,0,0,0,1,0,0,0,1,-1
Lets Beats,0.9142857142857143,35,0.79,10000.0,0,0,1,1,0,1,0,0,0,0,0,0,1,1,0,1,0,0,0,1,2,-1
Ironclad Tactics,0.691470054446461,551,10.99,75000.0,142,142,1,0,0,1,1,0,0,0,0,0,1,1,1,1,0,0,1,0,0,-1
False Shelter,0.6190476190476191,21,0.79,35000.0,236,227,0,0,0,0,0,0,1,0,0,0,1,0,1,0,0,0,0,0,1,-1
Vampires!,0.7894736842105263,114,1.69,35000.0,0,0,1,0,0,1,0,0,0,0,0,0,1,1,0,0,0,0,0,0,1,0
The Cavern,0.5,12,10.99,10000.0,0,0,1,1,1,1,1,0,0,0,0,0,1,0,0,0,0,0,0,0,1,-1
Rules of The Mafia: Trade & Blood,0.041666666666666664,24,5.79,10000.0,0,0,1,0,0,0,1,0,0,1,0,0,1,0,0,0,0,0,0,0,4,-1
Expand,0.8898305084745762,354,4.79,75000.0,0,0,1,0,1,0,0,0,0,0,0,0,1,0,0,0,1,0,0,0,1,-1
Revelations 2012,0.5856697819314641,321,0.0,35000.0,8,8,1,1,0,0,1,0,0,0,0,0,1,1,0,1,0,1,1,0,0,-1
Factory Town,0.8824476650563607,621,15.49,35000.0,0,0,0,0,0,0,1,1,0,1,0,0,1,0,0,1,0,0,0,0,4,-1
The UnderGarden,0.6666666666666666,72,4.99,35000.0,23,23,0,0,0,1,0,0,0,0,0,0,1,0,0,0,0,0,0,0,4,-1
TARTARUS,0.5348837209302325,172,15.99,10000.0,0,0,1,1,1,0,0,0,0,0,0,0,1,1,1,0,0,0,0,0,1,-1
Swaps and Traps,0.9848484848484849,66,6.19,10000.0,0,0,1,1,0,0,0,0,0,0,0,0,1,1,0,1,1,0,0,0,0,-1
VRNinja,0.4666666666666667,15,6.99,10000.0,0,0,1,1,0,1,0,1,0,0,0,0,1,0,1,1,0,0,0,1,2,-1
"Trapper Knight, Sharpshooter Princess",0.9375,16,10.99,10000.0,0,0,0,0,0,0,1,0,1,0,0,0,1,1,0,1,1,0,0,0,0,-1
Braveland Wizard,0.7326007326007326,273,4.99,35000.0,0,0,1,0,1,1,1,0,1,0,0,0,1,1,1,1,1,0,0,0,0,-1
Astebreed: Definitive Edition,0.8953771289537713,1233,15.49,150000.0,274,310,1,1,0,0,0,0,0,0,0,0,1,1,1,0,1,0,0,0,0,-1
Rex Nebular and the Cosmic Gender Bender,0.6538461538461539,26,18.99,10000.0,0,0,0,0,1,0,0,0,0,0,0,0,1,0,0,0,0,0,0,0,1,-1
Emily Wants To Play,0.8045774647887324,1136,3.99,150000.0,36,36,1,1,1,1,1,1,0,0,0,0,1,0,0,0,1,0,0,0,1,-1
Indentured Servant,1.0,10,0.0,10000.0,0,0,1,0,0,0,0,1,0,0,0,0,1,0,0,0,0,0,0,0,1,-1
PLAYNE : The Meditation Game,0.9634146341463414,164,8.99,10000.0,0,0,1,0,0,1,0,1,0,1,0,0,1,1,0,1,0,0,0,0,4,-1
Stronghold HD,0.9376371043560012,3191,3.49,1500000.0,473,665,0,0,0,0,1,1,0,0,0,0,1,0,1,1,0,0,1,0,4,-1
Shark Simulator,0.7941176470588235,136,0.0,35000.0,300,300,1,1,0,1,0,1,0,0,0,0,1,1,0,0,1,0,0,0,1,-1
The Secret Of Hildegards,0.20454545454545456,44,2.09,10000.0,0,0,0,0,0,1,0,0,0,0,0,0,1,0,0,0,0,0,0,0,4,-1
Zpeciation: Tough Days (TD),0.5588235294117647,34,0.79,35000.0,314,314,1,0,0,0,1,0,0,0,0,0,1,0,1,0,0,0,0,0,4,-1
Detective Sherlock Pug - Hidden Object. Relaxing games,0.7916666666666666,24,1.69,10000.0,0,0,1,0,1,1,0,0,0,0,0,0,1,1,0,0,0,0,0,1,2,-1
Wildlife Park 2 - Crazy Zoo,0.7368421052631579,38,2.79,35000.0,0,0,1,0,0,1,1,1,0,0,0,0,1,0,1,0,0,0,0,0,4,-1
Kaiju Panic,0.7857142857142857,28,7.19,10000.0,0,0,1,1,0,0,1,0,0,0,0,0,1,1,1,1,1,0,0,0,0,-1
Legends of Talia: Arcadia,0.7241379310344828,87,1.69,10000.0,0,0,0,0,0,0,0,1,0,0,0,0,1,1,0,0,0,1,0,0,4,-1
Arkshot,0.7833333333333333,120,3.99,10000.0,282,282,1,1,0,0,0,0,0,0,0,0,0,0,0,0,0,1,1,0,4,-1
APT,0.7272727272727273,33,11.39,10000.0,0,0,1,1,0,0,1,0,0,0,0,0,1,1,1,0,0,0,0,1,2,-1
Three Heroes,0.6941580756013745,873,1.59,150000.0,199,210,1,1,1,0,0,0,0,0,0,0,1,1,1,0,0,1,0,0,1,-1
Fantasyland,0.11538461538461539,26,6.19,10000.0,0,0,1,1,1,0,1,0,1,0,0,0,1,1,0,1,0,0,0,0,1,-1
AdVenture Capitalist,0.8927926323555601,39307,0.0,3500000.0,2747,388,1,0,0,1,0,0,0,0,1,0,1,1,1,1,0,0,0,0,0,-1
ReCore: Definitive Edition,0.6430868167202572,311,14.99,10000.0,0,0,0,1,1,0,0,0,0,0,0,0,1,1,0,1,1,0,0,0,0,-1
Clockwork Tales: Of Glass and Ink,0.914179104477612,804,6.99,75000.0,167,167,0,0,1,1,0,0,0,0,0,0,1,1,1,1,0,0,0,0,0,-1
Bitcoin Trader,0.3548387096774194,31,2.07,10000.0,0,0,1,0,0,1,0,1,0,0,0,0,1,1,0,0,0,0,0,0,1,-1
Glowfish,0.8791208791208791,91,6.99,35000.0,0,0,1,0,1,1,0,0,0,0,0,0,1,1,0,1,0,1,0,1,2,-1
The Best Of MagiCats,0.7931034482758621,87,8.99,10000.0,0,0,1,0,1,0,0,0,0,0,0,0,1,0,0,0,1,0,0,0,1,-1
Senza Peso,0.9414225941422594,239,0.0,75000.0,0,0,0,0,1,1,0,0,0,0,0,0,1,0,0,0,1,0,0,0,1,-1
Titanis,0.75,16,3.99,10000.0,0,0,1,1,1,0,0,0,1,0,0,0,1,1,0,1,0,0,0,0,1,-1
ShineG In The Zombies,0.8127853881278538,219,1.59,10000.0,0,0,1,1,1,1,1,0,1,0,0,0,1,1,1,0,0,1,0,0,1,-1
Riptide GP: Renegade,0.8786127167630058,173,6.99,35000.0,0,0,0,0,0,0,0,0,0,0,0,0,1,1,1,1,1,0,1,0,0,-1
Russian Prisoner VS Nazi Zombies,0.38095238095238093,21,0.79,10000.0,0,0,1,1,1,0,0,0,0,0,0,0,1,0,0,0,0,0,0,0,1,-1
Abode,0.9382716049382716,243,6.99,10000.0,0,0,1,0,0,0,0,0,0,0,0,0,1,0,0,0,0,0,0,0,1,-1
Frozen Synapse,0.8223140495867769,2420,18.99,750000.0,183,227,1,0,0,0,1,0,0,0,0,0,1,1,1,0,0,0,1,0,0,-1
Deltaplan Simulator,0.6666666666666666,18,3.99,10000.0,0,0,1,1,1,0,0,1,0,0,0,0,1,0,0,0,0,1,0,0,1,-1
Gambol,0.9090909090909091,11,6.99,10000.0,0,0,1,1,0,0,0,0,0,0,0,0,1,0,0,0,1,0,0,0,1,-1
Oknytt,0.9247058823529412,425,3.99,75000.0,333,333,1,0,1,0,0,0,0,0,0,0,1,1,1,0,0,0,0,0,1,2
Umbrella Corps‚Ñ¢/Biohazard Umbrella Corps‚Ñ¢,0.27569686411149824,2296,14.99,350000.0,342,342,0,1,0,0,0,0,0,0,0,0,1,1,1,1,1,0,0,1,2,-1
MiniOne Racing,0.5925925925925926,27,3.99,10000.0,0,0,1,0,0,1,0,0,0,0,0,0,1,0,1,1,0,0,1,0,0,-1
Mad Dagger 2,0.38461538461538464,39,0.79,10000.0,0,0,1,1,1,1,0,0,0,0,0,0,1,1,0,0,0,0,0,0,1,-1
Assassin's Creed‚Ñ¢: Director's Cut Edition,0.8317161477190441,6905,8.59,750000.0,360,476,0,1,1,0,0,0,0,0,0,0,1,0,0,0,0,1,0,0,1,-1
Mahjong,0.7555555555555555,45,6.99,10000.0,0,0,0,0,0,1,0,0,0,0,0,0,1,1,1,1,1,0,0,1,2,-1
Super Hipster Lumberjack,0.7684210526315789,380,0.32,35000.0,0,0,1,0,0,0,0,0,0,0,0,0,1,0,0,0,0,1,0,0,1,-1
rooMaze,0.6307692307692307,130,0.79,150000.0,283,283,1,1,1,0,0,0,1,0,0,0,1,1,1,0,0,0,0,0,1,-1
Boy Next Door,0.5689655172413793,58,0.79,10000.0,0,0,1,0,1,1,0,0,0,0,0,0,1,1,0,0,0,0,0,0,1,-1
Doodle Jamboree,1.0,13,1.59,10000.0,0,0,1,0,0,0,0,0,0,0,0,0,1,0,0,0,0,1,0,0,1,-1
On Rusty Trails,0.9084967320261438,153,9.99,35000.0,0,0,1,0,0,0,0,0,0,0,0,0,1,1,1,1,1,0,0,1,2,-1
STAY,0.7017543859649122,342,9.29,75000.0,0,0,1,0,1,0,0,0,0,0,0,0,1,1,0,0,0,0,0,0,1,-1
Questr,0.7647058823529411,17,2.09,10000.0,0,0,1,0,0,1,0,0,1,0,0,0,1,1,0,1,0,0,0,0,1,-1
Orbital Racer,0.8666666666666667,15,11.39,10000.0,0,0,1,0,0,0,0,1,0,0,0,0,1,0,0,0,0,1,0,0,1,-1
Timen runner,0.5373134328358209,67,0.79,75000.0,304,304,1,0,0,1,0,0,0,0,0,0,1,1,1,0,0,0,0,1,2,-1
PixelJunk‚Ñ¢ Eden,0.7994269340974212,698,6.99,350000.0,65,74,1,1,0,1,0,0,0,0,0,0,1,1,1,1,1,0,0,1,2,-1
Camper Jumper Simulator,0.425531914893617,47,1.99,10000.0,0,0,1,0,0,0,0,0,0,0,0,0,1,0,0,0,0,0,0,0,1,-1
Sentinels of the Multiverse,0.8621151271753681,747,6.99,150000.0,186,186,1,0,0,0,1,0,0,0,0,0,1,1,1,1,0,0,1,0,0,-1
Spy Fox In: Cheese Chase,0.6,30,3.99,35000.0,0,0,0,0,1,1,0,0,0,0,0,0,1,0,0,1,0,0,0,0,1,-1
Out of Ammo,0.8489326765188834,609,10.99,35000.0,0,0,1,1,0,0,1,0,0,0,0,0,1,1,0,0,0,0,1,1,2,-1
Die for the Empire,0.25,20,0.79,35000.0,273,273,0,1,0,0,0,0,0,0,0,0,1,0,1,0,0,0,0,0,1,-1
Star'Shoot,0.9411764705882353,17,2.89,10000.0,0,0,1,1,0,0,0,0,0,0,0,0,1,0,0,0,0,1,0,1,2,-1
Air Conflicts: Vietnam,0.27155172413793105,232,11.39,35000.0,0,0,0,1,0,0,0,1,0,0,0,0,1,1,0,1,1,0,1,0,0,-1
Trivia Vault: Toy Trivia,0.6666666666666666,12,9.99,10000.0,0,0,0,1,0,1,0,1,0,0,0,0,1,1,0,0,0,0,0,0,4,-1
Endless Fables 3: Dark Moor,0.782608695652174,23,11.39,10000.0,0,0,0,0,1,1,0,0,0,0,0,0,1,1,1,1,0,0,0,0,0,-1
Sunset Overdrive,0.898330241187384,2695,14.99,75000.0,300,300,0,1,1,0,0,0,0,0,0,0,1,1,1,1,1,0,0,0,0,-1
Garry's Mod,0.956772781556948,380154,6.99,15000000.0,12422,1875,1,0,0,0,0,1,0,0,0,0,1,1,1,1,0,0,1,0,0,-1
Goddess of Math Êï∞Â≠¶Â•≥Á•û,0.9,10,0.79,10000.0,0,0,1,1,0,1,1,0,0,0,0,0,1,0,0,0,0,0,0,0,4,-1
Faerie Solitaire,0.9120645709430756,2354,6.99,350000.0,266,262,1,0,0,1,0,0,0,0,0,0,1,1,1,0,0,0,0,0,1,-1
Daedalus - No Escape,0.8448275862068966,116,3.99,35000.0,0,0,1,1,0,0,0,0,0,0,0,0,1,1,0,0,0,1,1,0,1,-1
Trivia Vault: Golf Trivia,0.8636363636363636,22,9.99,10000.0,0,0,0,1,0,1,1,0,0,0,0,0,1,1,0,0,0,0,0,0,4,-1
Mirrored - Chapter 1,0.6666666666666666,105,1.59,10000.0,0,0,1,0,1,0,0,0,0,0,0,0,1,1,1,0,0,0,0,0,1,-1
Accounting (Legacy),0.946568401658222,2171,0.0,350000.0,55,82,1,0,1,0,0,0,0,0,0,0,1,0,0,0,0,0,0,0,1,-1
SAS,0.7837837837837838,111,11.39,10000.0,0,0,0,1,1,0,1,0,1,1,0,0,1,1,0,0,0,0,1,0,4,-1
Museum of Symmetry,1.0,35,0.0,10000.0,0,0,1,0,1,1,0,1,0,0,0,0,1,0,0,0,0,0,0,0,1,-1
DWVR,0.9444444444444444,18,10.99,10000.0,0,0,1,1,0,0,0,0,0,0,0,0,1,0,0,0,0,0,0,0,1,-1
Metaloid : Origin,1.0,10,9.29,10000.0,0,0,1,1,0,0,0,0,0,0,0,0,1,1,0,0,1,0,0,0,1,-1
Event[0],0.7998805256869773,1674,14.99,150000.0,131,131,1,0,1,0,0,0,0,0,0,0,1,1,1,1,0,0,0,0,0,-1
DOGOS,0.6721311475409836,61,8.99,35000.0,0,0,1,1,0,0,0,1,0,0,0,0,1,1,1,1,1,0,0,0,0,-1
CAFE 0 ~The Drowned Mermaid~,0.6642857142857143,140,4.99,35000.0,0,0,1,0,1,1,0,0,0,0,0,0,1,1,1,1,0,0,0,0,0,-1
ZHUST - THE ILLUSION SOUL,0.5757575757575758,33,3.99,10000.0,0,0,1,1,1,0,0,0,0,0,0,0,1,1,0,0,0,0,0,0,1,-1
Life on Mars Remake,0.9354838709677419,31,5.59,10000.0,0,0,1,1,1,0,0,0,1,0,0,0,1,1,0,0,1,0,0,0,1,-1
Narcissu 10th Anniversary Anthology Project,0.9819819819819819,333,1.99,75000.0,157,157,1,0,0,1,0,0,0,0,0,0,1,0,1,0,0,0,0,0,1,-1
The Slug,0.2702702702702703,74,2.89,35000.0,12661,12661,1,0,1,1,0,0,0,0,0,0,1,1,1,0,0,0,0,0,1,-1
Tomb Raider II,0.875,920,4.99,750000.0,3,3,0,1,1,0,0,0,0,0,0,0,1,0,0,0,0,0,0,0,1,-1
T.A.P.,1.0,15,5.79,10000.0,0,0,0,1,0,1,1,0,0,0,0,0,1,0,0,0,0,0,0,0,4,-1
Â∑¥‰º¶Ë•ø‰∫ö‰º†ËØ¥ÔºöÁ¥¢Ëè≤‰∫öÁöÑÈáçÁîü Valencia Saga:Sophia's rebirth,0.875,88,6.19,10000.0,0,0,0,0,0,0,1,0,1,0,0,0,1,0,0,0,0,1,0,0,4,-1
Disney Princess: Enchanted Journey,0.8333333333333334,18,15.49,10000.0,0,0,0,0,1,0,0,0,0,0,0,0,1,0,0,0,0,0,0,0,1,-1
WORLDS AT WAR (Monitors & VR),0.7051282051282052,78,15.49,10000.0,0,0,1,1,0,0,0,1,0,1,0,0,1,0,0,0,0,1,0,0,4,-1
Amorous,0.7820112429731418,3202,0.0,350000.0,105,161,1,0,0,0,0,1,0,0,1,0,1,1,0,0,0,0,0,0,4,-1
Super Lumi Live,1.0,17,6.99,10000.0,0,0,1,1,1,0,0,0,0,0,0,0,1,1,0,1,1,0,0,1,2,-1
Army Men: Toys in Space,0.6666666666666666,30,4.69,10000.0,0,0,0,1,0,0,1,0,0,0,0,0,1,0,0,0,0,0,0,0,4,-1
The Race for the White House 2016,0.42105263157894735,19,10.99,10000.0,650,650,0,0,0,0,1,1,0,0,0,0,1,0,0,0,0,0,1,0,4,-1
Ninjin: Clash of Carrots,1.0,40,11.99,10000.0,0,0,1,1,1,0,0,0,1,0,0,0,1,1,0,1,1,0,1,0,0,-1
The Abbey,0.6170212765957447,47,14.99,10000.0,0,0,0,0,1,0,0,0,0,0,0,0,1,0,0,0,0,0,0,0,1,-1
Ori and the Blind Forest: Definitive Edition,0.9620299158238963,16513,14.99,1500000.0,322,410,0,1,0,0,0,0,0,0,0,0,1,1,0,1,1,0,0,0,0,-1
Trouble In The Manor,0.5857605177993528,309,0.79,350000.0,268,234,1,1,0,1,0,0,0,0,0,0,0,1,1,0,0,0,1,0,4,-1
Portal Journey: Portarius,0.8636363636363636,22,2.09,10000.0,0,0,1,0,1,1,0,0,0,0,0,0,1,1,0,0,0,0,0,1,2,-1
aMAZE Double,0.8666666666666667,30,0.79,10000.0,0,0,1,0,0,1,0,0,0,0,0,0,1,1,0,0,0,0,0,0,1,0
Dokkaebi Hentai Adventures,0.6052631578947368,38,0.79,10000.0,0,0,1,0,1,1,0,0,0,0,0,0,1,1,0,0,0,0,0,0,1,-1
Ultimate General: Civil War,0.8580892608089261,2868,22.99,150000.0,0,0,1,0,0,0,1,1,0,0,0,0,1,1,1,0,0,0,0,0,0,-1
SteelLIFE,0.9375,16,4.79,10000.0,0,0,1,0,1,1,0,0,0,0,0,0,1,1,1,1,0,0,0,0,0,-1
Shardlight,0.8984615384615384,325,10.99,35000.0,67,67,1,0,1,0,0,0,1,0,0,0,1,1,1,0,0,0,0,0,1,-1
Space Lagat,0.8,20,0.79,10000.0,0,0,1,0,0,1,0,0,0,0,0,0,1,0,0,0,0,1,0,0,1,-1
Golden Dungeons,0.49295774647887325,71,0.79,35000.0,0,0,1,1,0,1,0,0,0,0,0,0,1,1,0,0,0,0,0,0,1,-1
AntVentor,0.9191176470588235,136,4.99,10000.0,0,0,1,0,1,1,0,0,0,0,0,0,1,1,1,0,0,1,0,0,1,-1
9th Dawn II,0.8389830508474576,118,1.49,10000.0,0,0,1,1,1,0,0,0,1,0,0,0,1,0,0,0,0,1,1,0,1,-1
ROCKETSROCKETSROCKETS,0.785063752276867,549,4.99,150000.0,332,332,1,1,0,1,1,0,0,0,0,1,1,1,1,0,1,0,1,1,2,-1
Devil in the Pines,0.85,20,2.79,10000.0,0,0,1,0,0,0,0,0,0,0,0,0,1,1,0,0,0,0,0,0,1,-1
Empty Horizons,0.8769230769230769,65,1.99,10000.0,0,0,1,0,0,0,0,1,0,0,0,0,1,1,1,0,0,0,0,0,1,-1
Latte Stand Tycoon,0.6666666666666666,12,2.09,10000.0,0,0,1,0,1,1,0,1,1,0,0,0,1,0,0,0,0,1,0,0,1,-1
Nightmares from the Deep 2: The Siren`s Call,0.958974358974359,585,6.99,150000.0,0,0,0,0,1,1,0,0,0,0,0,0,1,1,1,1,0,0,0,0,0,-1
Dying Light: Bad Blood,0.7101568951279934,1211,15.49,35000.0,103,108,0,1,0,0,0,0,1,1,0,0,0,0,0,0,1,0,1,0,4,-1
Rift Keeper,0.8208955223880597,67,7.19,10000.0,0,0,1,1,0,0,0,0,1,0,0,0,1,1,0,0,1,0,0,1,2,-1
Splinter Zone,1.0,13,3.49,10000.0,0,0,0,1,0,0,0,0,0,0,0,0,1,1,1,0,1,0,0,0,0,-1
Bloody Glimpse,0.3627450980392157,102,3.99,10000.0,90,90,1,1,0,0,0,1,0,0,0,0,1,1,0,0,0,0,0,0,1,-1
Not Tonight,0.8397085610200364,549,15.49,35000.0,505,505,0,0,1,0,0,1,1,0,0,0,1,1,0,1,0,0,0,0,0,-1
70 Seconds Survival,0.5625,16,1.69,10000.0,0,0,1,0,0,1,0,0,0,0,0,0,1,0,0,0,0,0,0,0,1,-1
Always Remember Me,0.5907335907335908,259,13.59,10000.0,0,0,1,0,0,1,0,1,0,0,0,0,1,1,1,1,0,1,0,0,0,-1
Return to Mysterious Island 2,0.7,80,5.59,35000.0,0,0,0,0,1,1,0,0,0,0,0,0,1,0,0,0,0,0,0,0,1,-1
God is a Cube: Programming Robot Cubes,0.8571428571428571,14,11.99,10000.0,0,0,1,0,0,0,0,1,0,1,0,0,1,0,0,0,0,0,0,0,4,-1
Last Dream,0.8459770114942529,435,6.99,75000.0,0,0,1,0,0,0,0,0,1,0,0,0,1,1,1,1,0,1,0,1,2,-1
Serious Sam VR: The Second Encounter,0.8518518518518519,108,29.99,10000.0,64,64,1,1,0,0,0,0,0,0,0,0,1,1,0,1,1,0,1,1,2,-1
Dream Factory,0.2222222222222222,81,7.99,10000.0,0,0,1,0,0,0,1,1,0,1,0,0,1,0,1,0,0,0,0,0,4,-1
Shower With Your Dad Simulator 2015: Do You Still Shower With Your Dad,0.9512728948277848,8681,0.79,350000.0,74,121,1,1,0,0,0,1,0,0,0,0,1,1,1,0,0,0,0,1,2,-1
Trip to Vinelands,0.92,125,0.79,10000.0,0,0,1,1,0,0,0,0,0,0,0,0,1,1,0,0,1,0,0,0,1,-1
Taphouse VR,0.9519230769230769,104,0.0,35000.0,0,0,1,0,0,0,0,1,0,0,0,0,1,1,1,0,0,0,0,1,2,-1
Russian AYE Race,0.4117647058823529,17,0.79,10000.0,0,0,1,0,0,1,0,0,0,0,0,0,1,1,0,0,0,0,0,0,1,-1
Flywrench,0.9565217391304348,184,4.99,10000.0,0,0,1,1,0,1,0,0,0,0,0,0,1,1,0,1,1,0,0,1,2,-1
Chainz 2: Relinked,0.5714285714285714,42,6.99,10000.0,0,0,0,0,0,1,0,0,0,0,0,0,1,0,0,0,0,0,0,0,4,-1
Yandere School,0.5580110497237569,181,3.99,10000.0,0,0,1,1,0,0,0,0,0,0,0,0,1,1,0,0,0,0,0,0,1,-1
Revolution 60,0.26666666666666666,60,6.99,10000.0,0,0,0,0,1,0,0,0,0,0,0,0,1,0,0,0,0,0,0,0,1,-1
Shadow Ops: Red Mercury,0.8263473053892215,167,4.99,35000.0,0,0,0,1,0,0,0,0,0,0,0,0,1,0,0,0,0,0,1,0,4,-1
VR Battleship YAMATO,0.975609756097561,41,29.99,10000.0,0,0,0,0,0,1,0,0,0,0,0,0,1,0,0,0,0,0,0,0,4,-1
NBA 2K17,0.5278923114237206,8246,39.99,750000.0,4672,4672,0,0,0,0,0,0,0,0,0,1,1,1,0,1,1,0,1,0,0,-1
Welcome to the Pool Hall,0.7272727272727273,11,0.79,10000.0,0,0,0,0,0,1,0,0,0,0,0,1,0,0,0,0,0,0,1,0,4,-1
Elven Legend,0.8181818181818182,22,1.59,10000.0,0,0,1,0,0,1,1,0,0,0,0,0,1,1,1,1,0,0,0,0,0,-1
Final Quest II,0.4628099173553719,121,0.79,350000.0,206,208,1,0,0,0,0,0,1,0,0,0,0,1,1,0,0,1,0,0,1,-1
Mold on Pizza üçï,0.8050847457627118,118,4.79,35000.0,13,13,1,1,0,1,1,0,0,0,0,0,1,1,1,1,1,0,1,0,0,-1
Freaky Awesome,0.627906976744186,172,6.99,35000.0,23,23,1,1,1,0,0,0,0,0,0,0,1,1,1,1,1,0,1,0,0,-1
Bounty Train,0.7044334975369458,812,18.99,75000.0,217,217,1,0,0,0,1,1,0,0,0,0,1,1,1,0,0,0,0,0,4,-1
World of Castles,0.6095238095238096,105,22.99,10000.0,0,0,1,0,0,0,1,0,0,1,0,0,1,0,0,0,0,0,0,0,4,-1
Albion Online,0.5590062111801242,3220,0.0,150000.0,448,852,0,0,0,0,0,0,1,0,1,0,0,1,0,0,0,0,0,0,4,-1
The Puppet Master,0.8333333333333334,36,0.0,35000.0,0,0,1,0,0,0,0,0,0,0,1,0,1,0,0,0,0,1,0,0,4,-1
Nicky - The Home Alone Golf Ball,0.8571428571428571,21,0.79,10000.0,0,0,1,1,1,1,1,0,0,0,0,0,1,1,0,0,0,0,0,0,1,-1
Roofbot,1.0,11,3.99,10000.0,0,0,1,0,1,1,0,0,0,0,0,0,1,1,0,1,0,0,0,0,1,-1
DeerHunterX,0.14285714285714285,28,4.79,10000.0,0,0,1,0,0,1,0,1,0,0,0,0,1,0,0,0,0,0,0,0,4,-1
RoboSports VR,0.5333333333333333,15,0.0,10000.0,0,0,0,0,0,0,0,0,0,1,0,1,1,0,0,0,0,0,1,0,4,-1
Jet Set Knights,0.8846153846153846,52,6.99,10000.0,0,0,1,1,0,0,0,0,0,0,0,0,1,1,1,0,1,0,0,0,0,-1
Explomania,0.5714285714285714,14,2.89,10000.0,0,0,1,0,0,1,0,0,0,0,0,0,1,1,0,1,0,0,0,1,2,-1
„É¨„Ç§„Ç∏„É≥„Ç∞„É´„Éº„Éó,0.9690721649484536,194,22.99,10000.0,0,0,1,0,1,0,0,0,0,0,0,0,1,0,0,0,0,1,0,0,1,-1
The Eagle's Heir,0.875,24,4.79,10000.0,0,0,1,0,1,0,0,0,1,0,0,0,1,1,0,1,0,0,0,0,1,-1
Red Stone Online,0.5967078189300411,243,0.0,150000.0,12,12,0,0,0,0,0,0,1,0,1,0,0,0,0,0,0,0,1,0,4,-1
FPS Training,0.6923076923076923,39,3.99,35000.0,0,0,0,1,0,0,0,0,0,0,0,0,1,1,0,1,0,0,0,0,0,-1
Immortal Empire,0.7,260,0.0,150000.0,114,209,1,0,0,0,1,0,1,0,1,0,1,1,1,0,0,0,1,0,4,-1
Avencast: Rise of the Mage,0.6653919694072657,523,6.99,350000.0,56,56,1,1,0,0,0,0,1,0,0,0,1,0,0,0,0,0,0,0,1,-1
Over My Dead Pixel,1.0,12,3.99,10000.0,0,0,1,1,0,0,0,0,0,0,0,0,1,1,0,0,0,0,0,1,2,-1
Dropzone,0.69625,800,0.0,350000.0,387,393,0,1,0,0,1,0,0,1,1,0,1,1,1,0,0,0,1,0,4,-1
RPG Maker MV,0.8785607196401799,2668,60.99,350000.0,331,331,0,0,0,0,0,0,0,0,0,0,0,0,1,0,0,1,0,0,0,-1
Prime World: Defenders 2,0.8315467075038285,653,0.0,150000.0,0,0,0,0,0,0,1,0,0,0,1,0,1,0,1,0,0,0,0,0,4,-1
Girls Dance,0.6417910447761194,67,1.69,10000.0,0,0,1,0,0,1,0,1,0,0,0,0,1,0,0,0,0,0,0,0,4,-1
the Line,0.625,32,3.89,10000.0,0,0,1,0,1,0,0,1,0,0,0,0,1,1,0,0,0,1,0,0,1,-1
7 Wonders of the Ancient World,0.6593406593406593,91,4.99,35000.0,0,0,0,0,0,1,1,0,0,0,0,0,1,0,0,0,0,0,0,0,4,-1
Steampunk Tower 2,0.8160919540229885,174,6.99,35000.0,0,0,1,1,0,0,1,0,0,0,0,0,1,1,1,0,0,0,0,0,1,-1
Lethal Brutal Racing,0.5970588235294118,340,4.79,150000.0,274,325,0,1,0,0,0,0,0,0,0,1,1,0,1,0,0,0,0,1,2,-1
Ping,0.8421052631578947,19,0.79,10000.0,2,2,1,1,0,0,0,0,0,0,0,0,1,0,0,0,0,0,0,0,1,-1
Damned,0.7226651480637813,3512,15.49,350000.0,450,872,0,0,1,0,0,0,0,0,0,0,0,1,1,0,0,1,1,0,0,-1
Lanternium,1.0,17,6.79,10000.0,0,0,1,0,1,0,0,0,0,0,0,0,1,1,0,1,1,0,0,0,0,-1
Lost Lands: Ice Spell,0.9285714285714286,14,5.19,10000.0,0,0,0,0,1,1,0,0,0,0,0,0,1,1,0,1,0,0,0,0,0,-1
Azurea Juncture,0.9333333333333333,15,3.99,10000.0,0,0,0,0,0,1,0,0,0,0,0,0,1,1,1,0,0,0,0,0,1,-1
YOU DON'T KNOW JACK TELEVISION,0.7777777777777778,27,1.99,75000.0,0,0,1,0,0,1,0,0,0,0,0,0,1,0,0,0,0,0,1,0,4,-1
Punch Club,0.7843669250645995,7740,6.99,750000.0,478,378,1,0,0,0,1,0,1,0,0,0,1,1,1,1,0,0,0,0,0,-1
HELLDIVERS‚Ñ¢ A New Hell Edition,0.9144676979071884,14287,15.99,750000.0,1112,1416,0,1,0,0,0,0,0,0,0,0,1,1,0,1,1,0,1,0,0,-1
Theatre of War 3: Korea,0.3968253968253968,126,4.99,75000.0,0,0,0,0,0,0,1,0,0,0,0,0,1,0,0,1,0,0,1,0,4,-1
Dragon Sinker,0.7058823529411765,17,8.99,10000.0,11,11,1,0,1,1,0,0,1,0,0,0,1,0,0,0,1,0,0,0,1,-1
Top Floor,0.42857142857142855,28,3.99,10000.0,0,0,1,0,0,0,0,1,0,0,0,0,1,0,0,0,0,0,0,0,4,-1
Fritz for Fun 13,0.6086956521739131,23,14.99,10000.0,0,0,0,0,0,1,1,0,0,0,0,0,1,0,0,0,0,0,1,0,4,-1
Abstract Arena,0.6818181818181818,22,3.99,10000.0,9,9,1,1,0,0,0,0,0,0,0,0,1,1,0,0,1,0,0,0,1,-1
ReBoot,0.6363636363636364,22,1.59,10000.0,0,0,1,1,0,0,0,0,0,0,0,0,1,1,1,0,0,0,0,0,1,-1
World of Subways 2 ‚Äì Berlin Line 7,0.6782608695652174,115,8.99,35000.0,0,0,0,0,0,0,0,1,0,0,0,0,1,0,0,0,0,0,0,0,4,-1
Ë∞úÊ°• / RiddleBridge,0.9090909090909091,11,2.89,10000.0,0,0,1,0,0,1,1,0,0,0,0,0,1,0,0,0,0,0,0,0,4,-1
ÂØªËøπ -A story of a song-,0.7650602409638554,166,1.69,10000.0,0,0,0,0,1,1,1,1,0,0,0,0,1,0,0,0,0,0,0,0,4,-1
Children of Liberty,0.16666666666666666,18,6.99,10000.0,0,0,1,1,0,0,0,0,0,1,0,0,1,0,0,0,1,0,0,0,1,-1
Lords of Football,0.4749034749034749,259,10.99,35000.0,0,0,1,0,0,0,1,1,0,0,0,1,1,1,1,1,0,0,0,0,0,-1
Ruthless Safari,0.39285714285714285,112,2.89,10000.0,1,1,1,1,0,0,0,0,0,0,0,0,1,1,0,0,0,0,0,0,1,-1
Bunker Punks,0.832,250,10.99,10000.0,121,121,1,1,0,0,0,0,0,0,0,0,1,1,1,0,0,1,0,0,1,-1
Bad Dream: Coma,0.9230769230769231,520,5.99,35000.0,364,364,1,0,1,0,0,0,0,0,0,0,1,0,0,0,0,0,0,0,1,-1
Â¶ñÊÄ™‰ø±‰πêÈÉ® Demon Club,0.5652173913043478,23,5.19,10000.0,0,0,1,1,0,0,0,0,1,1,0,0,1,0,0,0,0,0,0,0,1,-1
BattleSpace,0.34285714285714286,70,0.0,150000.0,0,0,0,0,0,0,1,0,0,0,1,0,0,0,0,0,0,0,1,0,4,-1
aMAZE Classic: Inverted,0.782608695652174,23,0.79,10000.0,0,0,1,0,0,1,0,0,0,0,0,0,1,1,0,0,0,0,0,0,1,0
Bike Dash Excite!,0.5833333333333334,24,0.0,10000.0,0,0,0,1,0,1,0,0,0,0,0,0,1,0,0,0,0,0,0,0,1,-1
Lydia,0.9054054054054054,370,3.99,35000.0,0,0,1,0,1,0,0,0,0,0,0,0,1,1,0,0,0,0,0,0,1,1
From Dust,0.6438746438746439,2106,8.59,350000.0,358,399,0,0,1,0,0,1,0,0,0,0,1,0,0,0,0,0,0,0,4,-1
A Girls Fabric Face,0.8481012658227848,79,1.99,10000.0,52,52,1,0,1,0,0,0,0,0,0,0,1,1,0,0,0,0,0,0,1,1
Ëû¢ÂπïÂà§ÂÆò Behind the Screen,0.8571428571428571,133,7.99,10000.0,0,0,1,1,1,0,0,0,1,0,0,0,1,1,0,0,0,0,0,0,1,-1
Overfall,0.8171021377672208,421,10.99,35000.0,891,891,1,0,0,0,1,0,1,0,0,0,1,1,1,1,0,0,0,0,0,-1
DeathMetal,0.7,30,1.99,35000.0,264,264,1,1,0,1,0,0,0,0,0,0,1,1,1,0,0,0,0,0,1,-1
Skynet Rising : Portal to the Past,0.4,25,10.99,10000.0,0,0,1,1,1,0,0,0,0,1,0,0,1,0,0,0,0,1,0,0,1,-1
Invasher,1.0,10,3.99,10000.0,0,0,1,1,0,1,0,0,0,0,0,0,1,1,0,0,1,0,0,1,2,-1
NotTheNameWeWanted,0.8767888307155323,2865,1.99,150000.0,17,17,0,0,0,1,0,0,0,0,0,0,1,1,1,0,0,0,0,0,1,-1
Project Abyss,0.576271186440678,59,3.99,10000.0,0,0,1,1,1,0,0,1,1,0,0,0,1,1,1,0,0,1,0,0,1,-1
JUMP FORCE,0.5604711289859236,3481,49.99,75000.0,338,369,0,1,0,0,0,0,0,0,0,0,1,1,0,0,1,0,0,0,0,-1
Max Gentlemen,0.8731019522776573,922,0.0,150000.0,49,63,1,0,0,1,0,0,0,0,1,0,1,0,0,0,1,0,0,0,4,-1
Secret Ponchos,0.7185185185185186,1350,10.99,75000.0,0,0,1,1,0,0,0,0,0,0,0,0,0,1,1,0,1,0,1,1,2,-1
OK/NORMAL,0.7961165048543689,206,2.99,10000.0,0,0,1,0,1,0,0,0,0,0,0,0,1,1,0,0,1,0,0,0,1,-1
Moral King,0.9090909090909091,44,1.69,10000.0,0,0,1,0,1,0,0,0,0,0,0,0,1,1,0,0,0,0,0,0,1,1
Airships: Conquer the Skies,0.9490124023886082,2177,11.39,75000.0,218,218,1,1,0,0,1,0,0,0,0,0,1,1,0,0,0,0,1,0,4,-1
The Original Strife: Veteran Edition,0.9215686274509803,357,6.99,75000.0,288,300,0,1,0,0,0,0,1,0,0,0,1,1,1,1,0,1,1,0,0,-1
The Secret of Tremendous Corporation,0.8134328358208955,268,0.0,150000.0,95242,190445,1,0,1,1,0,0,0,0,1,0,1,0,0,1,0,0,0,0,3,-1
CaesarIA,0.6297208538587848,1218,0.0,350000.0,13,26,1,0,0,0,1,0,0,1,1,0,1,1,0,0,0,0,0,0,4,-1
Royal Offense,0.8166666666666667,60,1.99,10000.0,412,412,1,0,0,0,1,0,1,0,0,0,1,1,1,0,0,1,0,1,2,-1
Heroes of Umbra,0.8,25,6.99,10000.0,0,0,1,1,0,0,0,0,1,0,0,0,1,1,0,1,0,1,1,0,0,-1
Norpon,0.6538461538461539,26,15.49,10000.0,0,0,1,1,1,1,1,1,1,1,0,0,0,0,0,0,0,0,1,0,4,-1
Hard Light Vector,0.7419354838709677,31,0.0,10000.0,0,0,1,1,1,0,0,0,0,0,1,0,1,1,0,0,0,0,0,0,1,-1
Lawnmower Game 2: Drifter,0.4166666666666667,24,0.79,10000.0,0,0,1,0,0,1,0,0,0,0,0,0,1,0,0,0,0,1,0,0,1,-1
Ultimate Rock Crawler,0.2692307692307692,26,0.79,10000.0,0,0,1,0,0,0,0,1,0,0,0,1,1,1,0,0,0,1,0,0,4,-1
Catherine Classic,0.8515873015873016,1260,14.99,35000.0,355,355,0,0,1,0,0,0,0,0,0,0,1,1,1,1,1,0,0,1,2,-1
Cuboid Keeper,1.0,13,5.19,10000.0,0,0,1,1,0,0,0,0,0,0,0,0,1,1,0,1,1,0,0,0,0,-1
Unpossible,0.8725490196078431,102,1.99,10000.0,28,28,0,0,0,0,0,0,0,0,0,0,1,1,0,0,1,0,0,1,2,-1
Troubles Land,0.6666666666666666,12,3.99,10000.0,0,0,1,1,1,0,0,0,0,0,0,0,1,1,0,0,1,0,0,0,1,-1
Blocky Snake,0.5294117647058824,34,0.0,10000.0,0,0,0,1,0,1,0,0,0,0,1,0,1,0,0,0,0,0,0,0,4,-1
NEONomicon,0.8367346938775511,49,0.79,10000.0,0,0,1,1,0,1,0,0,0,0,0,0,1,1,1,0,1,0,0,1,2,-1
GROW: Wild West,0.8387096774193549,31,2.09,10000.0,47,47,1,0,0,1,0,0,0,0,0,0,1,0,0,0,0,0,0,0,1,-1
King's Bounty: Dark Side,0.6923925027563396,907,9.99,150000.0,518,518,0,0,0,0,1,0,1,0,0,0,1,1,0,1,0,0,0,1,2,-1
SPACE ASTEROID SHOOTER üåÄ RETRO ACHIEVEMENT ODYSSEY,0.3076923076923077,13,1.59,10000.0,0,0,1,1,0,1,0,0,0,0,0,0,1,1,0,0,0,0,0,0,1,-1
"Invisible, Inc.",0.929242819843342,3830,14.99,750000.0,325,405,1,1,0,0,1,0,0,0,0,0,1,1,1,1,0,0,0,0,0,-1
Zeno Clash,0.8476027397260274,2336,6.99,350000.0,307,307,1,1,0,0,0,0,0,0,0,0,1,1,1,1,0,0,0,0,0,-1
Breach of Contract Online,0.4117647058823529,34,2.09,10000.0,0,0,1,1,0,0,0,0,0,0,1,0,0,1,0,0,0,0,1,0,4,-1
void LINK,1.0,20,7.19,10000.0,0,0,1,0,0,0,1,0,0,1,0,0,0,0,0,1,0,0,1,1,4,-1
Trials of The Illuminati: Assorted Jigsaws,0.6756756756756757,37,0.79,10000.0,0,0,1,0,0,1,0,1,0,0,0,0,1,1,0,0,0,0,0,0,1,-1
Dogs of War: Kill to Survive,0.13333333333333333,15,3.99,10000.0,0,0,0,1,0,0,0,1,0,1,0,0,1,0,0,0,0,0,0,0,4,-1
Zomborg,0.6597938144329897,97,3.99,35000.0,0,0,1,1,1,0,1,0,0,0,0,0,1,1,0,0,0,0,0,0,1,-1
Mega Man Legacy Collection 2 / „É≠„ÉÉ„ÇØ„Éû„É≥ „ÇØ„É©„Ç∑„ÉÉ„ÇØ„Çπ „Ç≥„É¨„ÇØ„Ç∑„Éß„É≥ 2,0.8410138248847926,434,11.99,35000.0,0,0,0,1,0,0,0,0,0,0,0,0,1,1,1,0,1,0,0,1,2,-1
Peninsular War Battles,0.3888888888888889,18,6.99,10000.0,0,0,0,0,0,0,1,0,0,0,0,0,1,0,0,0,0,0,0,0,4,-1
Litil Divil,0.46744186046511627,430,2.09,350000.0,4,8,0,1,1,0,0,0,0,0,0,0,1,0,0,0,0,0,0,0,1,-1
One Piece: Unlimited World Red - Deluxe Edition,0.6509433962264151,106,29.99,10000.0,0,0,0,1,1,0,0,0,0,0,0,0,1,1,0,1,0,1,0,1,2,-1
Blind Bird,0.5238095238095238,21,0.79,10000.0,0,0,1,0,1,1,0,1,0,0,0,0,1,0,0,0,0,0,0,0,1,-1
Distortions,0.7209302325581395,86,15.49,10000.0,0,0,1,1,1,0,0,0,1,0,0,0,1,0,0,0,0,1,0,0,1,-1
Spirit of Maya,0.6341463414634146,41,1.69,35000.0,559,559,1,1,0,0,0,0,0,0,0,0,1,0,1,0,0,0,0,0,1,-1
Warp Glider,1.0,22,0.79,10000.0,0,0,1,1,0,0,0,0,0,0,0,0,1,1,0,0,1,0,1,0,0,-1
Discouraged Workers,0.6161616161616161,99,10.99,10000.0,0,0,1,0,1,0,0,0,0,0,0,0,1,1,1,1,1,0,0,0,0,-1
Majesty Gold HD,0.9421965317919075,346,7.99,150000.0,72,72,0,0,0,0,1,1,0,0,0,0,1,0,0,0,0,0,1,0,4,-1
The Inner Darkness,0.7777777777777778,63,3.99,10000.0,0,0,1,0,1,1,0,0,0,0,0,0,1,0,1,0,1,0,0,0,1,-1
Robowars,0.4490566037735849,265,9.99,150000.0,161,205,1,1,0,0,1,0,0,0,0,0,1,0,1,0,0,0,0,0,4,-1
Siege Saga,0.8,25,9.99,10000.0,0,0,1,0,1,1,0,0,0,0,0,0,1,1,1,0,1,0,0,1,2,-1
Handball Action Total,0.8461538461538461,13,8.99,10000.0,0,0,0,0,0,0,0,1,0,0,0,1,1,1,1,0,0,1,1,1,2,-1
Drawful 2,0.8865030674846626,326,6.99,150000.0,331,331,1,0,0,1,1,0,0,0,0,0,0,1,0,1,0,1,0,0,4,-1
Slashers: The Power Battle,0.9333333333333333,15,5.19,10000.0,0,0,1,1,0,0,0,0,0,1,0,0,1,0,0,1,0,1,0,0,1,-1
Beyond Gravity,0.8862612612612613,888,1.59,35000.0,105,174,0,1,0,1,0,0,0,0,0,0,1,1,1,0,0,0,0,1,2,-1
Space Shaft,0.5384615384615384,13,0.79,10000.0,0,0,1,1,0,0,0,1,0,0,0,0,1,0,0,0,0,1,0,0,1,-1
They That Feast,0.45,20,0.0,10000.0,0,0,1,1,1,0,0,0,0,0,0,0,1,0,0,0,0,0,0,0,1,-1
Dimensity,0.2,15,6.99,10000.0,0,0,0,0,0,0,0,0,1,0,0,0,1,0,0,0,0,0,1,0,4,-1
Tex Murphy: Mean Streets,0.6938775510204082,49,4.79,35000.0,0,0,0,1,1,0,0,0,0,0,0,0,1,0,0,0,0,0,0,0,1,-1
Shop Manager : Video Game Tycoon,0.8461538461538461,13,5.79,10000.0,0,0,1,0,0,1,1,1,0,0,0,0,1,0,0,0,0,0,0,0,4,-1
Naked Sun,0.8421052631578947,38,7.19,10000.0,0,0,1,1,0,0,0,0,0,0,0,0,1,1,0,0,0,0,0,0,1,-1
BellyBots,0.8529411764705882,34,5.59,10000.0,0,0,1,0,0,0,0,0,0,1,0,0,1,1,0,0,0,0,0,1,2,-1
Defend the Cake,1.0,25,7.19,10000.0,0,0,1,0,0,0,1,0,0,0,0,0,1,1,0,1,0,0,0,0,0,-1
Selatria: Advent of the Dakk'rian Empire,1.0,10,3.99,10000.0,0,0,1,0,1,1,1,0,1,0,0,0,1,0,1,0,0,1,0,0,1,-1
Spoiler Alert,0.7453580901856764,1131,1.99,150000.0,291,331,1,0,1,1,0,0,0,0,0,0,1,1,1,1,1,0,0,1,2,-1
Not without my donuts,0.46808510638297873,47,2.79,35000.0,226,226,1,1,1,1,0,0,0,0,0,0,1,0,1,0,1,0,0,0,1,-1
Angry Birds VR: Isle of Pigs,0.8809523809523809,84,11.39,10000.0,0,0,0,0,0,1,0,0,0,0,0,0,1,0,0,0,0,0,0,0,4,-1
Strania - The Stella Machina -,0.9743589743589743,39,10.99,10000.0,0,0,0,1,0,0,0,0,0,0,0,0,1,1,0,1,1,0,1,1,2,-1
Snowday,0.8181818181818182,11,0.0,10000.0,0,0,0,1,0,0,0,0,0,1,0,0,1,0,0,0,0,0,0,0,4,-1
Ace Of Words,0.6822429906542056,749,3.99,150000.0,242,272,1,0,0,1,0,0,0,0,0,0,1,1,1,1,1,0,0,1,2,-1
NanoScape,0.2727272727272727,11,1.59,10000.0,0,0,1,1,0,1,0,0,0,0,0,0,1,1,0,0,0,0,0,0,1,-1
Nevermind,0.7461300309597523,323,15.49,75000.0,0,0,1,0,1,0,0,0,0,0,0,0,1,1,1,1,0,1,0,0,0,-1
Master of Orion 3,0.43333333333333335,60,0.0,150000.0,0,0,0,0,0,0,1,0,0,0,0,0,1,0,0,0,0,0,0,0,4,-1
OMEGA PATTERN - VISUAL NOVEL,0.5,10,4.99,10000.0,0,0,1,0,1,0,0,1,0,0,0,0,1,1,1,0,0,0,0,0,1,-1
Bocce Revolution,0.7894736842105263,19,7.19,10000.0,0,0,0,0,0,0,0,1,0,0,0,1,1,0,0,0,0,0,1,0,4,-1
Cooking Witch,0.8599033816425121,207,1.69,75000.0,176,176,1,1,0,1,0,0,0,0,0,0,1,1,1,1,0,0,0,1,2,-1
My Super Tower 3,0.6923076923076923,13,3.99,10000.0,0,0,1,0,1,1,1,0,0,1,0,0,1,1,0,0,1,0,0,0,4,-1
Pain Train,0.5597104945717732,829,3.99,150000.0,289,303,1,1,1,1,1,0,0,0,0,0,1,1,1,0,0,0,0,0,1,-1
The Binding of Isaac: Rebirth,0.9753582429355833,74670,10.99,3500000.0,4583,3236,0,1,0,0,0,0,0,0,0,0,1,1,1,1,1,0,0,0,0,-1
Concursion,0.6,70,3.99,35000.0,0,0,1,1,0,0,0,0,0,0,0,0,1,1,1,1,1,0,0,1,2,-1
Konrad's Kittens,0.8,25,11.39,10000.0,0,0,1,0,0,1,0,1,0,0,0,0,1,1,0,0,0,0,0,0,1,-1
Roomscale Tower,0.5769230769230769,26,10.99,10000.0,0,0,0,1,1,0,0,0,0,1,0,0,1,0,1,0,0,0,0,0,1,-1
Tokyo Xanadu eX+,0.902676399026764,411,46.49,10000.0,2,2,0,0,0,0,0,0,1,0,0,0,1,1,1,1,1,0,0,0,0,-1
Touhou: Dreaming Butterfly | ‰∏úÊñπËù∂Ê¢¶Âøó,0.9047619047619048,42,11.39,10000.0,0,0,1,1,0,1,0,0,0,0,0,0,1,0,0,0,0,1,0,0,1,-1
Infinite Air with Mark McMorris,0.8090909090909091,220,29.99,10000.0,0,0,0,0,0,0,0,1,0,0,0,1,1,1,0,0,1,0,0,0,0,-1
Command & Conquer: Red Alert 3 - Uprising,0.8001104362230812,1811,9.99,1500000.0,136,205,0,0,0,0,1,0,0,0,0,0,1,0,0,0,0,0,0,0,4,-1
Board Battlefield,0.4782608695652174,23,1.69,10000.0,0,0,0,0,0,1,1,0,0,0,0,0,1,1,0,0,0,0,1,0,4,-1
Let's Go There And Wander Nowhere,0.5806451612903226,31,0.0,10000.0,0,0,1,0,0,0,0,0,0,0,0,0,1,1,0,0,0,0,0,0,1,-1
Khimera: Destroy All Monster Girls,0.9535822401614531,991,0.0,150000.0,0,0,1,1,1,0,0,0,0,0,1,0,1,1,1,0,1,0,0,1,2,-1
Spellwake,0.8,100,0.0,10000.0,0,0,1,1,0,1,0,0,1,0,1,0,0,0,0,0,0,0,0,0,4,-1
Claybook,0.7272727272727273,176,11.39,10000.0,44,44,1,1,0,1,0,0,0,0,0,0,1,1,0,1,1,0,0,1,2,-1
Blackjack Bailey VR,0.5454545454545454,11,3.99,10000.0,0,0,1,0,0,1,0,1,0,0,0,0,1,0,0,0,0,0,0,0,4,-1
"1,000 Heads Among the Trees",0.5542168674698795,83,4.99,75000.0,4275,4245,1,0,0,0,0,0,0,0,0,0,1,1,1,0,0,0,0,0,1,-1
Cell HD: emergence,0.3333333333333333,12,4.79,10000.0,0,0,1,1,0,0,0,1,0,0,0,0,1,1,0,0,0,1,0,0,1,-1
MONMUSU * FIGHT!,0.7058823529411765,17,5.79,10000.0,0,0,1,1,0,1,0,0,0,0,0,0,1,0,0,0,0,1,1,0,1,-1
Crazy Machines,0.8032786885245902,122,6.99,75000.0,0,0,0,0,0,1,1,0,0,0,0,0,1,0,0,0,0,0,0,0,4,-1
Achievement Collector: Cat,0.39215686274509803,51,20.0,10000.0,0,0,0,1,1,0,0,0,0,0,0,0,1,1,0,0,0,0,0,0,1,-1
Derelict Redux,0.5263157894736842,19,3.99,10000.0,0,0,1,1,0,0,0,0,0,0,0,0,1,1,0,0,1,0,0,0,1,-1
Dead Drop,0.8,15,4.79,10000.0,0,0,1,1,0,1,1,0,0,0,0,0,0,0,0,0,1,0,0,0,4,-1
Pacific Liberation Force,0.2857142857142857,14,3.99,10000.0,0,0,0,0,0,1,0,0,0,0,0,0,1,0,0,0,0,0,0,0,4,-1
Heartbreak High: A Break-Up Simulator,0.8823529411764706,17,3.99,10000.0,0,0,1,0,0,1,0,1,0,0,0,0,1,0,0,0,0,0,0,0,4,-1
Dinosaur Hunt First Blood,0.42276422764227645,123,3.99,10000.0,5,5,1,1,0,0,0,0,0,0,0,0,1,1,0,0,0,0,0,0,1,-1
Bric - The Casual Indie Game,0.9,10,1.59,10000.0,0,0,1,1,1,1,1,0,0,0,0,0,1,0,0,0,0,0,0,0,1,-1
AltspaceVR‚ÄîThe Social VR App,0.7980535279805353,411,0.0,150000.0,0,0,0,0,0,1,0,1,0,0,1,0,1,0,0,0,0,1,1,0,4,-1
Zone of Lacryma,0.9166666666666666,12,5.99,10000.0,0,0,1,1,0,0,0,0,0,0,0,0,1,1,1,0,1,0,0,1,2,-1
Oik 5,0.9705882352941176,34,0.79,10000.0,0,0,1,0,0,1,0,0,0,0,0,0,1,1,0,0,0,0,0,0,1,0
Demon Hearts,0.8275862068965517,58,2.79,10000.0,0,0,1,1,0,0,0,0,0,0,0,0,1,1,1,0,1,0,0,0,0,-1
Agarest: Generations of War Zero,0.7560975609756098,328,14.99,75000.0,943,943,0,0,1,0,1,0,1,0,0,0,1,1,1,1,1,0,0,1,2,-1
Hot Squat,0.9425287356321839,87,0.0,35000.0,0,0,1,0,0,0,0,1,0,0,0,1,1,1,0,0,0,0,0,1,2,-1
Trulon: The Shadow Engine,0.6785714285714286,56,14.99,10000.0,0,0,1,0,0,0,1,0,1,0,0,0,1,1,0,0,0,0,0,0,4,-1
Board Defenders,0.9411764705882353,17,3.99,10000.0,0,0,1,0,0,1,1,0,0,0,0,0,1,1,1,1,0,0,0,1,2,-1
Bear Haven Nights,0.8536585365853658,41,3.99,35000.0,273,278,1,1,1,0,1,0,0,0,0,0,1,1,1,0,0,0,0,0,1,-1
Bot Vice,0.9529816513761468,872,9.99,75000.0,174,174,1,1,1,0,0,0,0,0,0,0,1,1,1,1,1,0,0,1,2,-1
Megatronic Void,0.1,10,2.79,10000.0,0,0,1,1,0,0,0,0,0,0,0,0,1,0,0,0,1,0,0,0,1,-1
Blacksmith Run,1.0,13,0.79,10000.0,0,0,1,0,0,0,0,0,0,0,0,0,1,0,0,0,0,0,0,0,1,-1
Antenna Dilemma,0.9375,16,0.0,10000.0,0,0,1,0,1,0,0,0,0,0,0,0,1,1,0,0,0,0,0,0,1,1
ASRECorp,0.7297297297297297,37,0.99,10000.0,0,0,1,1,1,0,0,0,0,0,0,0,1,1,1,0,0,0,0,0,1,-1
Nepenthe,0.9772727272727273,44,3.99,10000.0,0,0,1,1,1,0,0,0,1,0,0,0,1,0,0,0,0,1,0,0,1,-1
Predestination,0.6379310344827587,58,24.99,10000.0,0,0,1,0,0,0,1,0,0,0,0,0,1,0,0,0,0,0,0,0,4,-1
Veil of Crows,0.6415584415584416,385,10.99,10000.0,131,131,0,0,0,0,1,0,1,0,0,0,1,0,0,0,0,0,0,0,4,-1
Sky Hunter,0.5151515151515151,33,8.29,10000.0,0,0,0,1,0,0,0,0,0,0,0,0,0,1,1,0,1,0,1,0,0,-1
My Lands: Black Gem Hunting,0.8523076923076923,3250,0.0,350000.0,4,4,1,0,0,1,1,0,0,0,1,0,0,1,0,0,0,0,1,0,4,-1
Farm Frenzy: Heave Ho,0.9375,48,3.99,10000.0,0,0,1,0,0,1,1,1,0,0,0,0,1,0,1,0,0,0,0,0,4,-1
Heavy Memories,0.8,15,3.99,10000.0,0,0,1,1,0,0,0,0,0,0,0,0,1,1,0,0,1,0,0,0,1,-1
Day of Infamy,0.8191003539216806,17518,11.39,750000.0,3902,7455,1,1,0,0,1,0,0,0,0,0,0,1,0,1,0,1,0,0,0,-1
Sweezy Gunner,0.832579185520362,221,2.79,35000.0,183,183,1,1,0,0,0,0,0,0,0,0,1,1,1,0,0,0,0,0,1,-1
Duck Season,0.8587570621468926,531,14.99,35000.0,49,49,1,1,1,1,0,0,0,0,0,0,1,1,1,0,0,0,0,0,1,-1
9-nine-:Episode 1,0.9205298013245033,151,15.49,10000.0,0,0,0,0,0,1,0,1,0,0,0,0,1,1,1,1,0,0,0,0,0,-1
Zeno Clash 2,0.7490196078431373,1020,10.99,350000.0,156,190,1,1,0,0,0,0,0,0,0,0,1,1,1,1,1,0,0,1,2,-1
Dungeon of the Endless‚Ñ¢,0.8764907309009328,8469,8.99,750000.0,648,295,1,0,1,0,1,0,1,0,0,0,1,1,1,1,0,1,1,0,0,-1
Flight of the Icarus,0.39094650205761317,243,3.99,75000.0,22,22,1,1,0,0,0,0,0,0,0,0,1,0,0,0,0,0,0,0,1,-1
Realms of Chaos,0.76,25,3.99,35000.0,0,0,0,1,1,0,0,0,0,0,0,0,1,0,0,0,0,1,0,0,1,-1
Choice,0.7777777777777778,18,2.09,10000.0,0,0,1,1,1,0,0,0,0,0,0,0,1,1,0,0,0,0,0,0,1,-1
Space Tycoon | ÊòüÈôÖÂ§ß‰∫®,0.4666666666666667,15,13.49,10000.0,0,0,1,0,1,1,1,1,0,0,0,0,1,0,0,0,0,0,0,0,4,-1
Legendary Eleven: Epic Football,0.7818181818181819,55,11.99,10000.0,0,0,1,0,0,0,0,0,0,0,0,1,1,1,0,0,0,1,1,0,4,-1
RapStar Tycoon,0.18181818181818182,11,2.09,10000.0,0,0,1,0,0,1,1,1,0,0,0,0,1,1,0,0,0,0,0,0,4,-1
Life Game,0.6923076923076923,13,3.99,10000.0,0,0,1,0,0,0,0,1,0,1,0,0,1,0,0,0,0,0,0,0,4,-1
Avorion,0.8890746934225195,3588,13.59,150000.0,3584,4993,1,1,0,0,0,1,0,1,0,0,1,1,0,0,0,0,1,0,4,-1
Moorhuhn (Crazy Chicken),0.8781512605042017,238,1.59,75000.0,0,0,0,1,0,1,0,0,0,0,0,0,1,0,0,1,0,0,0,0,1,-1
EMERGENCY 4 Deluxe,0.5974025974025974,77,13.99,10000.0,0,0,0,0,0,0,1,1,0,0,0,0,1,0,0,0,0,0,1,0,4,-1
Table Top Racing: World Tour,0.7521551724137931,464,7.19,75000.0,0,0,1,1,0,0,0,0,0,0,0,0,1,1,0,1,1,0,0,0,0,-1
Divinity: Original Sin 2 - Definitive Edition,0.9471346735609003,46609,29.99,3500000.0,2938,1953,0,0,1,0,1,0,1,0,0,0,1,1,1,1,1,0,1,0,0,-1
Titans of Space PLUS,0.9366197183098591,142,5.59,10000.0,0,0,0,0,1,1,0,1,0,1,0,0,1,0,0,0,0,0,0,0,4,-1
Whitetail Challenge,0.2727272727272727,11,2.79,10000.0,0,0,1,1,1,0,0,1,0,0,0,0,1,1,0,0,0,0,0,0,1,-1
Chopper: Attack helicopters,0.5555555555555556,18,0.0,10000.0,0,0,1,1,0,1,0,1,0,0,0,0,1,1,0,0,0,1,0,0,1,-1
Epsilon corp.,0.6597222222222222,144,3.19,75000.0,229,238,1,1,1,0,0,0,0,0,0,0,1,0,1,0,0,0,0,0,1,-1
CONFLICT OF NATIONS: WORLD WAR 3,0.4896551724137931,290,0.0,150000.0,11,11,1,0,0,0,1,0,0,0,1,0,0,1,1,0,0,0,0,0,4,-1
Choice of the Cat,0.8571428571428571,14,5.19,10000.0,0,0,1,0,1,0,0,0,1,0,0,0,1,1,0,1,0,0,0,0,1,-1
Evochron Legacy,0.8148148148148148,270,18.99,10000.0,0,0,1,0,0,0,0,1,0,0,0,0,1,1,1,1,0,0,1,0,0,-1
Sudden Strike 3,0.640625,64,4.79,35000.0,0,0,0,0,0,0,1,0,0,0,0,0,1,0,0,1,0,0,0,0,4,-1
Pocket Kingdom,0.9591836734693877,98,4.99,10000.0,0,0,1,0,1,0,0,0,0,0,0,0,1,1,1,1,1,0,0,0,0,-1
Lunch Truck Tycoon,0.64453125,256,0.79,35000.0,0,0,1,0,0,0,0,1,0,0,0,0,1,0,0,0,0,0,0,0,4,-1
Super Mr. Kake,0.38461538461538464,13,3.99,10000.0,0,0,1,1,0,0,0,0,0,0,0,0,1,0,0,0,0,0,0,0,1,-1
LIBERTY VR,0.5,10,5.59,10000.0,0,0,1,1,1,0,0,0,0,1,0,0,1,0,0,0,0,0,0,0,1,-1
Êò•È£é | Spring Breeze,0.627906976744186,43,0.79,10000.0,0,0,1,0,1,0,0,0,0,0,0,0,1,0,0,0,0,0,0,0,1,-1
Who's Your Daddy,0.7224033190102237,13498,3.99,1500000.0,103,70,1,1,0,1,0,0,0,0,0,0,0,0,0,0,0,1,1,0,4,-1
Session Seven,0.9166666666666666,60,0.0,10000.0,0,0,1,0,1,0,0,0,0,0,1,0,1,0,0,0,0,0,0,0,1,-1
House of Evil 2,0.35714285714285715,14,10.29,10000.0,0,0,1,0,1,0,0,0,0,0,0,0,1,0,0,0,0,0,0,0,1,-1
Midnight at the Celestial Palace: Chapter I,1.0,20,3.99,10000.0,0,0,1,0,1,0,0,0,0,0,0,0,1,0,0,0,0,0,0,0,1,-1
Gyromancer,0.5232067510548524,237,3.99,150000.0,73,73,0,0,0,0,0,0,1,0,0,0,1,0,0,0,0,0,0,0,4,-1
Draw a Stickman: EPIC 2,0.8090277777777778,288,3.99,35000.0,0,0,1,0,1,1,0,0,0,0,0,0,1,1,1,1,0,0,0,0,0,-1
Killer Instinct,0.8814363143631436,1476,29.99,75000.0,203,270,0,1,0,0,0,0,0,0,0,0,1,1,0,1,1,0,1,0,0,-1
Monkey King Saga,0.1,10,3.99,10000.0,0,0,1,1,1,0,1,0,1,0,0,0,1,0,0,0,0,0,0,0,1,-1
School of Dragons,0.5100578671810416,3629,0.0,1500000.0,272,54,0,0,1,0,0,0,1,0,1,0,0,1,0,0,0,0,0,0,4,-1
Until the last,0.6875,16,1.59,10000.0,0,0,1,0,0,0,0,0,0,0,0,0,1,1,0,0,0,0,0,0,1,-1
ACE Academy,0.9572192513368984,1122,14.99,35000.0,1,1,1,1,1,0,0,1,1,0,0,1,1,0,0,1,0,0,0,0,0,-1
UNDEAD FACTORY:Zombie Pandemic,0.5142857142857142,70,0.0,35000.0,0,0,0,0,0,0,1,0,0,0,1,0,1,0,0,0,0,0,1,0,4,-1
Ruzar - The Life Stone,0.7272727272727273,88,9.99,10000.0,0,0,0,0,0,0,0,0,1,0,0,0,1,1,0,0,0,0,0,0,1,-1
Quests Unlimited,0.6,10,3.99,10000.0,0,0,1,0,1,1,0,1,1,1,0,0,1,1,0,0,0,0,0,1,2,-1
ALICE VR,0.4305555555555556,144,6.99,10000.0,0,0,1,0,1,0,0,0,0,0,0,0,1,1,1,1,1,0,0,0,0,-1
Battles of the Ancient World,0.5,10,6.99,10000.0,0,0,0,0,0,0,1,0,0,0,0,0,1,0,0,0,0,0,0,0,4,-1
Final Assault,0.9920634920634921,126,23.79,10000.0,60,60,0,0,0,0,1,0,0,1,0,0,1,1,0,0,0,0,1,1,2,-1
Through the Woods,0.7376,625,15.99,35000.0,0,0,1,0,1,0,0,0,0,0,0,0,1,1,1,1,1,0,0,0,0,-1
Monsters and Monocles,0.8350515463917526,97,10.99,10000.0,0,0,1,1,0,0,0,0,0,1,0,0,1,1,0,1,1,0,0,0,0,-1
Out of the Park Baseball 18,0.9258114374034003,647,15.49,150000.0,0,0,1,0,0,0,1,1,0,0,0,1,1,1,1,0,0,0,0,0,4,-1
Balloon Chair Death Match,0.7592592592592593,54,2.89,10000.0,0,0,0,1,0,0,0,0,0,0,0,0,1,1,0,1,0,0,0,0,0,-1
Material Girl,0.9143989431968296,7570,1.59,350000.0,221,202,1,0,1,0,0,0,1,0,0,0,1,0,1,1,0,0,0,0,1,-1
Waba,0.75,12,3.99,10000.0,0,0,1,0,0,1,0,1,0,1,0,0,1,0,0,0,0,0,0,0,4,-1
The Wilting Amaranth,0.8611111111111112,36,3.99,10000.0,0,0,0,0,0,1,0,0,0,0,0,0,1,1,1,0,0,0,0,0,1,-1
Bullyparade - DER Spiel,0.2857142857142857,14,6.99,10000.0,0,0,0,1,0,1,0,0,0,0,0,0,1,0,0,0,0,1,0,0,1,-1
Flem,0.9444444444444444,18,4.79,10000.0,0,0,1,1,0,0,0,0,0,0,0,0,1,1,1,0,1,0,0,1,2,-1
Shooty Fruity,0.9431818181818182,88,15.99,10000.0,158,158,0,1,0,0,0,1,0,0,0,0,1,1,0,0,0,0,0,0,4,-1
Sakura MMO,0.8095238095238095,42,7.19,10000.0,0,0,0,0,0,0,0,1,0,0,0,0,1,1,0,0,0,1,0,0,4,-1
Jack Lumber,0.6355685131195336,343,3.99,150000.0,140,140,1,1,0,1,1,0,0,0,0,0,1,1,1,0,0,0,0,1,2,-1
DIG IT! - A Digger Simulator,0.582089552238806,134,8.89,35000.0,0,0,0,0,0,0,0,1,0,0,0,0,1,1,0,0,0,0,0,0,4,-1
8BitMMO,0.5886524822695035,4794,0.0,750000.0,31,31,1,1,1,0,0,0,1,0,1,0,0,1,1,0,0,0,0,0,1,-1
Assassins vs Pirates,0.7831325301204819,83,5.59,10000.0,0,0,1,1,0,1,0,0,0,0,0,0,0,1,1,1,1,0,1,0,0,-1
Infectonator: Survivors,0.672463768115942,690,6.99,75000.0,435,435,1,1,1,0,1,1,1,0,0,0,1,1,1,1,0,0,0,0,0,-1
TREBUCHET,0.7647058823529411,34,4.79,10000.0,0,0,1,0,0,1,1,0,0,0,0,1,1,0,0,0,0,0,1,0,4,-1
Phoenix Dynasty 2,0.40773809523809523,336,0.0,75000.0,73,73,0,1,0,0,0,0,1,0,1,0,0,1,1,0,0,0,0,0,4,-1
Re;Lord 1 ~The witch of Herfort and stuffed animals~,0.8,20,7.19,10000.0,0,0,1,0,1,1,0,0,1,0,0,0,1,0,1,0,0,0,0,0,1,-1
Flairtender,0.8275862068965517,29,7.19,10000.0,0,0,1,1,0,1,0,1,0,0,0,0,1,0,1,0,0,0,0,0,1,-1
Damascus Gear Operation Osaka HD Edition,0.6923076923076923,13,15.49,10000.0,0,0,0,1,0,0,0,0,0,0,0,0,1,1,0,1,1,0,0,0,0,-1
Leisure Suit Larry - Magna Cum Laude Uncut and Uncensored,0.7625,80,4.79,10000.0,0,0,0,0,1,0,0,0,0,0,0,0,1,0,0,0,0,0,0,0,1,-1
Zone 22,0.14285714285714285,14,5.59,10000.0,0,0,1,1,1,1,0,1,1,1,0,0,1,0,0,0,0,0,0,0,1,-1
BattleSky VR,0.9583333333333334,24,10.29,10000.0,0,0,1,1,0,0,0,0,0,1,0,0,1,0,0,0,0,0,1,0,4,-1
Rocksmith¬Æ 2014 Edition - Remastered,0.9124986137296218,9017,25.99,750000.0,6704,7089,0,0,0,1,0,1,0,0,0,0,1,1,1,1,0,1,0,1,2,-1
The Momo Game,0.32075471698113206,53,1.69,35000.0,0,0,1,0,0,0,0,0,0,0,0,0,1,1,0,0,0,0,0,0,1,-1
Middle-earth‚Ñ¢: Shadow of War‚Ñ¢,0.7786292541067358,25446,34.99,1500000.0,1587,1265,0,1,1,0,0,0,1,0,0,0,1,1,1,1,1,0,0,0,0,-1
KillStreak.tv,0.7872340425531915,94,0.0,35000.0,0,0,0,1,0,0,0,0,0,0,1,0,1,0,0,0,0,0,1,0,4,-1
Spheroids,0.8235294117647058,17,5.59,10000.0,234,234,1,1,1,0,0,0,0,0,0,0,1,1,1,0,0,1,0,0,1,-1
Disciples III - Resurrection,0.34838709677419355,155,9.99,150000.0,0,0,0,0,0,0,1,0,0,0,0,0,1,0,0,0,0,0,0,0,4,-1
Spareware,0.8095238095238095,21,1.69,10000.0,23,23,1,1,0,0,0,0,0,0,0,0,1,1,1,1,1,0,0,0,0,-1
Death to Spies,0.7469458987783595,573,3.99,150000.0,64,84,0,1,1,0,0,0,0,0,0,0,1,0,0,1,0,0,0,0,1,-1
Derrek Quest V Regression,0.4864864864864865,37,0.79,10000.0,0,0,1,1,1,1,0,0,0,0,0,0,1,0,0,0,0,0,0,0,1,-1
Schatte ÔΩûThe Witch and the Fake ShadowÔΩû / È≠îÂ•≥„Å®ÂÅΩ„Çä„ÅÆÂΩ±,0.6842105263157895,19,2.09,10000.0,0,0,1,1,0,0,0,0,1,0,0,0,1,0,0,0,0,1,0,0,1,-1
Fantasy Strike,0.876984126984127,252,14.99,10000.0,0,0,1,1,0,0,0,0,0,1,0,0,1,0,1,0,1,0,1,0,0,-1
Total Extreme Wrestling 2013,0.8787878787878788,33,14.99,10000.0,0,0,0,0,0,0,0,0,0,0,0,1,1,0,0,0,0,0,0,0,4,-1
Pan Panda,0.8424657534246576,146,0.0,35000.0,0,0,1,1,0,0,0,0,0,0,1,0,1,0,0,0,0,0,0,0,4,-1
.T.E.S.T: Expected Behaviour ‚Äî Sci-Fi 3D Puzzle Quest,0.7941176470588235,68,4.79,10000.0,0,0,1,1,1,0,0,1,0,0,0,0,1,1,0,0,0,0,0,0,1,-1
Space Elite Force,0.9574468085106383,47,0.79,10000.0,0,0,1,1,0,1,0,0,0,0,0,0,1,1,0,1,1,0,0,1,2,-1
BRAIN / OUT,0.7979913916786227,10455,0.0,1500000.0,1433,77,1,1,0,0,0,0,0,0,1,0,0,1,1,0,0,1,0,0,4,-1
Caligo,0.7638095238095238,525,4.79,10000.0,0,0,1,0,1,0,0,0,0,0,0,0,1,1,1,1,1,0,0,0,0,-1
Bik - A Space Adventure,0.9512195121951219,41,3.99,10000.0,0,0,1,0,1,0,0,0,0,0,0,0,1,1,1,1,0,0,0,0,0,-1
Â§©È£é‰πãÂÖâ¬†~ Touhou Fan of Destiny,0.06451612903225806,31,10.29,10000.0,0,0,1,0,0,0,0,0,0,0,0,0,1,0,0,0,0,0,0,0,1,-1
Tower Fortress,0.8846153846153846,52,3.99,10000.0,0,0,1,1,1,0,0,0,0,0,0,0,1,1,1,0,1,0,0,1,2,-1
Dispersio,0.96,50,0.79,10000.0,0,0,1,0,1,0,0,0,0,0,0,0,1,1,0,1,0,1,0,0,1,-1
MXGP2 - The Official Motocross Videogame,0.7091836734693877,392,15.49,35000.0,0,0,0,0,0,0,0,1,0,0,0,1,1,1,1,1,0,1,1,0,0,-1
PowersVR,0.8421052631578947,38,6.99,10000.0,0,0,0,1,0,0,0,1,0,1,0,0,1,0,0,0,0,0,0,0,4,-1
Mu Complex,0.8366013071895425,153,5.99,10000.0,11,11,1,0,1,0,0,0,0,0,0,0,1,1,1,0,0,0,0,0,1,2
Mind Spheres,0.7992202729044834,513,0.79,350000.0,219,274,1,0,0,1,0,0,0,0,0,1,1,1,1,0,0,0,0,0,1,-1
White Day: A Labyrinth Named School,0.670468948035488,789,22.99,35000.0,0,0,1,1,1,0,0,0,0,0,0,0,1,1,1,1,0,1,0,0,0,-1
Nicole,0.696078431372549,102,13.99,10000.0,291,291,0,0,1,1,0,1,0,0,0,0,1,1,1,1,0,1,0,0,0,-1
Micronomicon: Heroes,0.8461538461538461,13,3.99,10000.0,0,0,1,0,1,0,0,0,1,0,0,0,1,0,0,0,0,0,0,0,1,-1
Orczz,0.5333333333333333,15,1.99,10000.0,372,372,0,0,0,0,1,0,0,0,0,0,1,1,1,0,0,0,0,0,4,-1
Twisted Sails,0.6363636363636364,11,0.0,10000.0,0,0,1,1,0,1,0,0,0,0,1,0,0,0,0,0,0,0,1,0,4,-1
Just Get Through,0.8838383838383839,198,3.99,35000.0,0,0,1,1,1,1,0,0,0,0,0,0,1,1,1,1,1,0,0,1,2,-1
Airstrike HD,0.5457227138643068,339,1.69,350000.0,347,354,1,0,0,1,0,0,0,0,0,0,1,1,1,0,1,0,0,0,1,-1
Asteroids Millennium,0.8,10,5.59,10000.0,0,0,1,1,0,1,0,0,0,0,0,0,1,1,0,0,1,0,0,1,2,-1
Istrolid,0.8731034482758621,2175,0.0,350000.0,20,31,1,0,0,0,1,0,0,0,1,0,1,0,0,0,0,0,1,0,4,-1
Guilds Of Delenar,1.0,25,11.39,10000.0,0,0,1,0,0,0,1,0,1,1,0,0,1,0,0,0,0,0,0,0,4,-1
Beast Battle Simulator,0.8341836734693877,392,6.99,35000.0,0,0,1,1,0,0,1,1,0,0,0,1,1,0,0,0,0,0,0,0,4,-1
Diabolic,0.912621359223301,103,2.89,10000.0,0,0,1,1,1,0,0,0,0,0,0,0,1,1,0,0,0,0,0,0,1,-1
Evolution,0.6521739130434783,23,2.89,10000.0,0,0,0,0,0,1,0,0,0,0,0,0,1,0,0,0,0,0,0,0,4,-1
Train Simulator 2019,0.6163635056438277,13909,34.99,1500000.0,287,385,0,0,0,0,0,1,0,0,0,0,1,1,1,1,1,0,0,1,0,-1
Maximum Action,0.8738461538461538,325,11.39,10000.0,0,0,1,1,0,0,0,0,0,1,0,0,1,0,0,0,0,0,0,0,1,-1
ESCHATOS,0.9529411764705882,85,10.99,10000.0,0,0,0,1,0,0,0,0,0,0,0,0,1,1,1,1,1,0,0,1,2,-1
Tentlan,0.43209876543209874,81,0.0,35000.0,0,0,0,0,0,0,1,0,0,0,1,0,1,0,0,0,0,0,1,0,4,-1
Neon Space 2,0.7429577464788732,284,4.99,150000.0,301,374,1,1,1,1,1,0,0,0,0,0,1,1,1,1,1,0,0,0,0,-1
A Shawn Story,0.25,24,0.79,10000.0,0,0,1,0,1,1,0,0,0,0,0,0,1,0,0,0,0,0,0,0,1,-1
Pixel Sand,0.8888888888888888,27,0.0,10000.0,0,0,0,0,1,1,0,1,0,0,0,0,1,0,0,0,0,1,1,0,4,-1
Army Men RTS,0.8444444444444444,180,4.69,35000.0,0,0,0,1,0,0,1,0,0,0,0,0,1,0,0,0,0,0,0,0,4,-1
Technosphere - Collector's Edition,0.8666666666666667,15,5.19,10000.0,0,0,1,1,1,1,0,0,0,0,0,0,1,0,0,0,0,1,0,0,1,-1
Foreign Legion: Buckets of Blood,0.6237288135593221,295,3.99,75000.0,160,160,1,1,0,0,0,0,0,0,0,0,1,1,0,1,0,1,0,0,1,-1
Haunted Dungeons: Hyakki Castle,0.5909090909090909,22,10.99,10000.0,0,0,0,1,1,0,0,0,1,0,0,0,1,1,0,0,0,1,0,0,1,-1
Stranded In Time,0.8028169014084507,71,1.59,35000.0,0,0,1,0,1,1,0,0,0,0,0,0,1,0,1,0,0,0,0,0,1,-1
Spirit of the Ancient Forest,0.24,25,3.99,10000.0,0,0,0,0,0,1,0,0,0,0,0,0,1,0,0,0,0,0,0,0,4,-1
Innoquous 5,0.9230769230769231,13,0.79,10000.0,0,0,1,1,0,1,0,0,0,0,0,0,1,1,1,0,1,0,0,0,1,-1
Tank of War-VR,0.5454545454545454,11,15.49,10000.0,0,0,0,1,0,0,1,0,0,0,0,0,1,0,0,0,0,1,1,0,4,-1
Mystic Saga,0.6515151515151515,132,3.99,75000.0,306,306,0,0,1,1,0,0,0,0,0,0,1,1,1,1,0,0,0,0,0,-1
ÁÅµÊñáË•øÊ∏∏,0.75,20,2.09,10000.0,0,0,1,0,1,0,1,0,0,1,0,0,1,0,0,0,0,0,0,0,4,-1
Impire,0.44533333333333336,375,14.99,150000.0,76,76,0,0,0,0,1,0,0,0,0,0,1,1,0,1,0,0,1,0,4,-1
The first thrust of God,0.16,25,5.19,35000.0,0,0,1,0,1,1,1,1,0,0,0,0,1,1,0,1,0,0,0,0,4,-1
The Colonists,0.8126888217522659,331,19.49,35000.0,142,142,1,0,0,0,1,0,0,0,0,0,1,0,1,1,0,0,0,0,0,-1
Spuds Unearthed,0.9333333333333333,30,15.49,10000.0,0,0,1,1,0,0,1,0,0,1,0,0,1,0,0,0,0,0,0,0,4,-1
Close Your Eyes [Old Version],0.8835227272727273,704,0.0,150000.0,9,17,1,0,1,0,0,0,0,0,1,0,1,1,1,1,0,1,0,0,0,-1
Odd||Even,0.550561797752809,89,0.79,35000.0,266,266,1,0,0,1,1,0,0,0,0,0,1,0,1,1,0,0,0,0,4,-1
Catan VR,0.8,40,11.39,10000.0,0,0,0,0,0,0,1,1,0,0,0,0,1,0,0,0,0,0,1,0,4,-1
Production Line : Car factory simulation,0.8669225847728727,1563,19.49,75000.0,0,0,1,0,0,0,1,1,0,0,0,0,1,1,1,1,0,0,0,0,0,-1
Arma 2: Operation Arrowhead,0.9208936569107384,19202,11.99,3500000.0,8488,1120,0,1,0,0,1,1,0,0,0,0,1,0,0,0,0,1,1,0,4,-1
Dehumanized,0.7204301075268817,93,1.69,10000.0,0,0,1,1,1,0,0,0,1,1,0,0,1,0,0,1,0,1,0,0,1,-1
Dragon's Prophet,0.6898954703832753,861,0.0,350000.0,152,183,0,1,0,0,0,0,1,0,1,0,0,0,0,0,0,0,0,0,4,-1
2084,0.7090909090909091,55,7.19,10000.0,0,0,1,1,0,0,0,0,0,1,0,0,1,1,0,0,1,0,0,1,2,-1
How To Make Your Grandpa Happy,0.8235294117647058,51,0.0,10000.0,0,0,1,0,1,0,0,0,0,0,0,0,1,0,0,0,0,0,0,0,1,-1
Bad Sector HDD,0.9166666666666666,36,0.79,10000.0,0,0,1,0,0,1,0,0,0,0,0,0,1,1,1,0,0,0,0,0,1,-1
Street Heat,0.7727272727272727,22,5.79,10000.0,0,0,1,0,0,0,0,0,0,1,0,0,1,1,0,1,1,0,1,0,0,-1
Prince of Persia¬Æ: The Sands of Time,0.8719832109129066,953,8.59,350000.0,167,167,0,1,1,0,0,0,0,0,0,0,1,0,0,0,0,0,0,0,1,-1
Spellbind : Luppe's tale,0.5,16,1.99,10000.0,0,0,1,0,1,1,0,0,0,0,0,0,1,1,1,0,0,0,0,0,1,-1
Toukiden 2,0.7952286282306164,1006,49.99,35000.0,3315,3315,0,1,0,0,0,0,0,0,0,0,1,1,1,1,0,1,0,0,0,-1
Far Cry 3 - Blood Dragon,0.8807287218901224,10539,12.49,1500000.0,249,201,0,1,1,0,0,0,0,0,0,0,1,0,1,0,0,1,0,0,1,-1
Fabulous Food Truck,0.5096153846153846,104,2.09,35000.0,202,202,0,0,0,1,0,1,0,0,0,0,1,0,1,0,0,0,0,0,4,-1
Allumette,0.9672489082969432,458,0.0,75000.0,0,0,1,0,0,1,0,0,0,0,0,0,1,0,0,0,0,1,0,0,1,-1
UNDER NIGHT IN-BIRTH Exe:Late[st],0.940754039497307,557,30.99,35000.0,168,202,0,1,0,0,0,0,0,0,0,0,1,1,0,1,1,0,1,1,2,-1
FTL: Faster Than Light,0.963203072057827,44270,6.99,3500000.0,1111,633,1,0,0,0,1,1,0,0,0,0,1,0,1,0,0,0,0,0,4,-1
Obliteracy,0.7058823529411765,17,0.0,10000.0,0,0,1,0,0,1,1,0,0,0,1,0,1,0,0,0,0,0,1,0,4,-1
Clustertruck,0.9026495383380169,4982,10.99,350000.0,211,303,1,1,0,0,0,0,0,0,0,0,1,1,0,0,1,0,0,1,2,-1
Wave Magic VR,0.6956521739130435,23,4.79,10000.0,0,0,1,1,0,0,0,0,1,1,0,0,1,0,1,0,0,0,0,0,1,-1
RPS Runner,1.0,11,0.79,10000.0,0,0,1,0,0,1,0,0,0,0,0,0,1,1,0,0,0,0,0,0,1,0
Face It - A game to fight inner demons,0.7832469775474957,1158,2.79,150000.0,430,468,1,1,1,0,0,0,0,0,0,0,1,1,1,1,1,0,0,0,0,-1
Hex-Up,0.9090909090909091,22,0.79,10000.0,0,0,1,0,0,1,0,0,0,0,0,0,1,0,0,0,0,0,0,0,1,-1
MotoGP‚Ñ¢15 Compact,0.5567010309278351,97,6.99,10000.0,126,126,0,0,0,0,0,1,0,0,0,1,1,1,0,1,0,1,1,0,4,-1
Letzte Worte VR,0.9285714285714286,14,0.0,10000.0,0,0,1,0,1,0,0,0,0,0,0,0,1,1,0,0,0,0,0,0,1,1
Weird Dungeon Explorer: Defender,0.23684210526315788,38,0.79,35000.0,0,0,1,1,0,1,0,0,0,0,0,0,1,0,0,0,0,0,0,0,1,-1
Pirates Deck,0.17647058823529413,34,1.99,10000.0,0,0,1,0,0,1,1,0,0,0,0,0,1,0,0,1,0,0,0,0,4,-1
Seinarukana -The Spirit of Eternity Sword 2-,0.8947368421052632,19,22.99,10000.0,0,0,0,0,0,0,1,0,1,0,0,0,1,0,1,1,0,0,0,0,0,-1
Train Mechanic Simulator 2017,0.5920245398773006,326,5.79,35000.0,0,0,0,0,0,0,0,1,0,0,0,0,1,0,0,0,0,0,0,0,4,-1
Wooden Floor 2 - Resurrection,0.5227272727272727,44,1.69,35000.0,241,241,1,0,1,0,0,0,0,0,0,0,1,0,1,0,0,1,0,0,1,-1
Tailwind,0.9583333333333334,24,1.99,10000.0,0,0,1,0,1,1,0,0,0,0,0,0,1,1,0,0,0,0,0,0,1,-1
Piggy Poggy Pog,0.6694915254237288,118,2.89,10000.0,0,0,1,0,1,1,0,1,0,0,0,0,1,0,1,0,0,0,0,0,1,-1
Systematic Immunity,0.9230769230769231,13,4.99,10000.0,0,0,1,1,1,0,0,0,0,0,0,0,1,1,1,1,1,0,0,0,0,-1
Bladed Fury,0.8430832759807295,1453,7.19,150000.0,0,0,1,1,1,1,0,0,1,0,0,0,1,1,0,1,1,0,0,0,0,-1
Golfing Over It with Alva Majo,0.6840579710144927,690,3.99,150000.0,0,0,1,1,0,0,0,0,0,0,0,0,1,1,1,1,1,0,0,0,0,-1
The Melody of Dust,0.8,10,3.99,10000.0,0,0,1,0,1,0,0,0,0,0,0,0,1,0,0,0,0,0,0,0,1,-1
Relik,0.8827586206896552,145,0.0,35000.0,0,0,1,0,0,0,1,0,0,1,1,0,1,0,1,0,0,0,1,0,4,-1
JOLT: Super Robot Racer,0.7272727272727273,11,4.79,10000.0,8,8,0,1,0,0,0,0,0,1,0,0,1,1,1,1,1,0,1,0,0,-1
Cynoclept: The Game,0.5483870967741935,31,0.79,10000.0,0,0,0,1,1,0,0,0,0,1,0,0,1,1,0,0,0,0,0,0,1,-1
Bang Bang Racing,0.7944862155388471,399,7.99,75000.0,0,0,0,0,0,0,0,0,0,0,0,0,1,1,0,1,0,1,1,1,2,-1
Magnetis ,0.7857142857142857,42,1.49,10000.0,49,49,1,0,0,1,0,0,0,0,0,0,1,1,0,0,0,0,1,1,2,-1
Deserter Simulator,0.546875,64,6.99,10000.0,0,0,1,1,0,0,0,1,0,0,0,0,1,1,1,0,0,0,0,0,1,-1
She Remembered Caterpillars,0.9585798816568047,169,8.99,35000.0,34,63,1,0,0,0,0,0,0,0,0,0,1,1,1,0,0,0,0,0,1,-1
gShift,0.35714285714285715,14,0.79,10000.0,0,0,1,0,1,1,0,0,0,0,0,0,1,0,0,0,0,0,0,0,1,-1
Tomoyo After ~It's a Wonderful Life~ English Edition,0.9523809523809523,252,14.99,35000.0,280,280,0,0,1,1,1,0,1,0,0,0,1,1,1,1,0,0,0,1,2,-1
Super Panda Adventures,0.9658605974395448,703,3.99,35000.0,135,135,1,1,1,0,0,0,0,0,0,0,1,0,1,1,0,1,0,0,1,-1
The Explorer of Night,0.8181818181818182,11,1.69,10000.0,0,0,1,0,1,0,0,0,0,0,0,0,1,1,0,0,1,0,0,0,1,-1
The Great Race,1.0,11,6.99,10000.0,0,0,1,1,1,0,0,1,0,0,0,0,1,1,0,0,0,1,0,0,1,-1
Hellblade: Senua's Sacrifice,0.9180737109658679,22032,24.99,750000.0,455,477,1,1,1,0,0,0,0,0,0,0,1,1,1,1,1,0,0,0,0,-1
Primal Carnage,0.7707105719237435,5770,5.59,350000.0,423,470,1,1,0,0,0,0,0,0,0,0,0,1,1,0,0,1,1,0,0,-1
Blitzkrieg Anthology,0.8839285714285714,560,3.99,150000.0,14,25,0,0,0,0,1,0,0,0,0,0,1,0,0,0,0,0,0,0,4,-1
Dissimilated Land,0.7796610169491526,118,9.29,10000.0,0,0,0,1,1,0,0,0,1,1,0,0,1,1,0,1,1,0,1,0,0,-1
Wrath of Loki VR Adventure,0.6363636363636364,44,2.09,10000.0,0,0,1,0,1,1,0,0,0,0,0,0,1,1,0,0,1,0,0,1,2,-1
The Turkey of Christmas Past,0.7272727272727273,11,5.99,10000.0,0,0,1,1,0,0,0,0,0,0,0,0,1,0,0,0,0,0,0,0,1,-1
Sky Battles,0.32,25,1.69,10000.0,0,0,1,1,0,0,1,0,0,0,0,0,1,1,0,0,0,1,1,1,2,-1
Fallstreak,0.8192771084337349,83,0.0,10000.0,0,0,1,0,1,1,0,0,0,0,1,0,1,0,0,0,0,0,0,0,1,-1
Legions of Steel,0.6,35,14.99,10000.0,0,0,0,0,0,0,1,0,0,0,0,0,1,1,0,0,0,0,1,0,4,-1
Goodnight Butcher,0.6170212765957447,47,1.59,35000.0,226,226,1,0,0,0,0,0,0,0,0,0,1,0,1,0,0,0,0,0,1,-1
CRAKEN,0.5789473684210527,19,2.09,10000.0,0,0,1,1,1,1,0,0,0,0,0,0,0,0,0,0,0,0,1,0,4,-1
Nightmares from the Deep: The Cursed Heart,0.9289940828402367,1183,6.99,150000.0,61,61,0,0,1,1,0,0,0,0,0,0,1,1,1,1,0,0,0,0,0,-1
Dragon Bros,0.9259259259259259,27,6.99,10000.0,0,0,1,1,0,1,0,0,0,0,0,0,1,1,1,1,1,0,0,0,0,-1
The Last Federation,0.7530266343825666,413,14.99,75000.0,0,0,1,0,0,0,1,1,0,0,0,0,1,1,1,1,0,0,0,0,0,-1
Rogalia,0.7097701149425287,348,0.0,10000.0,0,0,1,0,1,0,0,0,1,0,0,0,0,1,1,0,0,0,1,0,1,-1
Idle Hunter,0.627906976744186,43,0.79,10000.0,0,0,1,0,0,1,1,1,1,0,0,0,1,1,0,0,0,0,0,0,4,-1
Throttle Powah VR,0.8048780487804879,41,6.19,10000.0,0,0,1,1,0,0,0,0,0,1,0,1,0,0,0,0,0,0,1,0,4,-1
Sky Tower,0.6666666666666666,12,3.99,10000.0,0,0,1,0,0,1,0,1,0,0,0,0,1,0,0,0,0,0,0,0,4,-1
Tsukumogami,0.66,50,22.99,75000.0,0,0,1,0,1,0,0,0,1,0,0,0,1,0,0,0,0,0,0,0,1,-1
25 Cadre of Death,0.6551724137931034,29,4.79,10000.0,0,0,1,1,1,0,0,1,0,0,0,0,1,0,0,0,0,0,0,0,1,-1
Puzzle Station 15th Anniversary Retro Release,0.6551724137931034,29,2.79,10000.0,0,0,1,0,0,1,0,0,0,0,0,0,1,0,0,0,0,0,0,0,1,-1
Limberjack,0.5925925925925926,27,0.0,10000.0,0,0,0,0,0,0,0,1,0,0,0,1,1,1,0,0,0,0,0,1,2,-1
Zombie Apocalypse: Escape The Undead City,0.3283582089552239,67,0.79,10000.0,0,0,1,1,0,0,0,0,0,0,0,0,1,0,1,0,0,0,0,0,1,-1
Cherry Tree High Comedy Club,0.8526119402985075,536,5.59,75000.0,222,222,1,0,1,0,0,0,0,0,0,0,1,0,1,0,0,1,0,0,1,-1
Castle,0.6626016260162602,246,3.99,75000.0,174,182,1,1,0,1,0,0,0,0,0,0,1,1,1,1,0,0,0,1,2,-1
"Haters, kill them all!",0.36363636363636365,22,0.79,10000.0,0,0,1,1,0,1,0,1,0,0,0,0,1,1,0,0,0,0,0,0,1,-1
The God's Chain,0.31875,320,5.59,75000.0,221,240,0,1,0,0,0,0,0,0,0,0,1,0,1,0,0,0,1,0,4,-1
Disney Bolt,0.7352941176470589,34,15.49,10000.0,0,0,0,1,1,0,0,0,0,0,0,0,1,0,0,1,0,1,0,0,1,-1
Inferno 2,0.9117647058823529,34,3.99,10000.0,0,0,1,1,1,0,0,0,1,0,0,0,1,1,0,0,1,0,0,0,1,-1
Robot Fighting,0.3076923076923077,13,3.99,10000.0,0,0,1,1,0,0,0,0,0,0,0,0,1,1,0,1,0,0,0,0,1,-1
Virtual Rides 3 - Funfair Simulator,0.7379912663755459,229,18.99,35000.0,0,0,0,0,0,1,0,1,0,0,0,0,1,1,1,1,0,0,0,0,0,-1
Cross of the Dutchman,0.7443365695792881,309,5.99,35000.0,62,62,1,1,1,0,0,0,0,0,0,0,1,1,1,0,1,0,0,0,0,-1
Once upon a time,0.3333333333333333,15,0.0,10000.0,0,0,1,0,1,1,0,0,0,0,0,0,1,1,0,0,0,1,0,0,1,-1
1943 Berlin Blitz,0.9448818897637795,127,0.0,35000.0,0,0,1,0,0,0,0,0,0,0,0,0,1,0,0,0,0,1,0,0,1,-1
Gnome Light,0.26666666666666666,15,3.99,10000.0,0,0,1,1,1,1,0,0,0,0,0,0,1,0,0,0,0,0,0,0,1,-1
Detective Grimoire,0.9476793248945148,1185,5.19,75000.0,0,0,1,0,1,0,0,0,0,0,0,0,1,1,1,0,0,0,0,0,1,2
LeftWay,0.8235294117647058,17,9.99,10000.0,0,0,1,0,1,0,0,0,0,0,0,0,1,1,1,1,0,1,0,0,0,-1
Phineas and Ferb: New Inventions,0.4166666666666667,12,15.49,10000.0,0,0,0,0,1,0,0,0,0,0,0,0,1,0,0,0,0,0,0,0,1,-1
The Kite,0.8575581395348837,344,0.0,150000.0,0,0,1,0,1,0,0,0,0,0,1,0,1,0,0,0,0,0,0,0,1,-1
The Seasons,0.8409090909090909,44,5.79,10000.0,0,0,0,0,1,0,0,0,0,0,0,0,1,1,0,0,1,0,0,0,1,-1
Solitaire Royale,0.6451612903225806,31,0.0,10000.0,0,0,1,0,0,1,0,0,0,0,0,0,1,0,0,0,0,0,0,0,1,-1
Progress Bar Simulator,1.0,15,0.99,10000.0,0,0,1,0,0,1,0,1,0,0,0,0,1,1,0,1,0,0,0,0,1,-1
.hack//G.U. Last Recode,0.8774094063222821,1297,39.99,75000.0,85,85,0,0,0,0,0,0,1,0,0,0,1,1,1,0,1,0,0,0,0,-1
Epic Manager - Create Your Own Adventuring Agency!,0.7106598984771574,197,13.59,35000.0,0,0,1,0,1,0,1,1,1,0,0,0,1,0,0,0,0,0,0,0,4,-1
Acan's Call: Act 1,0.83125,320,0.0,75000.0,0,0,0,1,1,0,0,0,1,0,0,0,1,0,0,0,0,0,0,0,1,-1
Mist Survival,0.8275541795665635,3230,8.29,150000.0,3925,7837,1,1,1,0,0,1,0,1,0,0,1,0,0,0,0,0,0,0,1,-1
Devoid of Shadows,0.6976744186046512,129,6.19,10000.0,0,0,1,1,0,0,0,0,1,0,0,0,1,0,0,0,0,0,0,0,1,-1
Frankenstein: Beyond the Time,0.6190476190476191,21,10.99,10000.0,0,0,1,0,1,1,0,1,0,0,0,0,1,0,0,0,0,0,0,0,1,-1
SATAZIUS,0.8978723404255319,235,4.79,75000.0,87,124,1,1,0,0,0,0,0,0,0,0,1,1,1,1,0,1,0,1,2,-1
